"Country","Company Name","Department","Cost Center","Company Code"
"Find Country","Find Company Name","Find Department","Find Cost Center","0"
"HQ Houston","NESR BVI","CEMENTING           ","C011100101","1101"
"HQ Houston","NESR BVI","COILED TUBING       ","C011110101","1101"
"HQ Houston","NESR BVI","HYDRAULIC FRACTURING","C011130101","1101"
"HQ Houston","NESR BVI","PIPELINES           ","C011140101","1101"
"HQ Houston","NESR BVI","ARTIFICIAL LIFT SERV","C011180101","1101"
"HQ Houston","NESR BVI","SURFACE TESTING     ","C012300101","1101"
"HQ Houston","NESR BVI","WL LOG - OPEN HOLE  ","C012310101","1101"
"HQ Houston","NESR BVI","SLICKLINE           ","C012320101","1101"
"HQ Houston","NESR BVI","DIRECTIONAL DRILLING","C013410101","1101"
"HQ Houston","NESR BVI","TUBULAR RUNNING SERV","C013420101","1101"
"HQ Houston","NESR BVI","DRILLING FLUIDS     ","C013440101","1101"
"HQ Houston","NESR BVI","FISHING SERVICES    ","C013450101","1101"
"HQ Houston","NESR BVI","MACHINE SHOP        ","C013460101","1101"
"HQ Houston","NESR BVI","MANAGED PRESSURE DRI","C013470101","1101"
"HQ Houston","NESR BVI","MANUFACTURING       ","C013480101","1101"
"HQ Houston","NESR BVI","RIGS                ","C013490101","1101"
"HQ Houston","NESR BVI","THROUGH TUBING      ","C013500101","1101"
"HQ Houston","NESR BVI","MAINTENAN & WORKSHOP","C017700001","1101"
"HQ Houston","NESR BVI","QHSE                ","C017700002","1101"
"HQ Houston","NESR BVI","TRANSPORTATION      ","C017700003","1101"
"HQ Houston","NESR BVI","FACILITY            ","C017700004","1101"
"HQ Houston","NESR BVI","TECHNICAL MANAGEMENT","C017700005","1101"
"HQ Houston","NESR BVI","LAB CTU & CMT       ","C017700006","1101"
"HQ Houston","NESR BVI","WAREHOUSE           ","C017700007","1101"
"HQ Houston","NESR BVI","LOGISTICS           ","C017700008","1101"
"HQ Houston","NESR BVI","SUPPLY CHAIN        ","C018800001","1101"
"HQ Houston","NESR BVI","FINANCE             ","C018800002","1101"
"HQ Houston","NESR BVI","OFFICE FACILITY     ","C018800003","1101"
"HQ Houston","NESR BVI","ADMIN GOVT & SECURIT","C018800004","1101"
"HQ Houston","NESR BVI","BUSINESS DEVELOPMENT","C018800005","1101"
"HQ Houston","NESR BVI","IT                  ","C018800006","1101"
"HQ Houston","NESR BVI","HUMAN RESOURCES     ","C018800007","1101"
"HQ Houston","NESR BVI","INTERNS             ","C018800008","1101"
"HQ Houston","NESR BVI","MANAGEMENT          ","C018800009","1101"
"HQ Houston","NESR BVI","LEGAL               ","C018800010","1101"
"HQ Houston","NESR BVI","KSA HQ OVERHEAD     ","C019960001","1101"
"HQ Houston","NESR BVI","EGYPT HQ OVERHEAD   ","C019960002","1101"
"HQ Houston","NESR BVI","OMAN HQ OVERHEAD    ","C019960003","1101"
"HQ Houston","NESR BVI","ALGERIA HQ OVERHEAD ","C019960004","1101"
"HQ Houston","NESR BVI","UAE HQ OVERHEAD     ","C019960005","1101"
"HQ Houston","NESR BVI","QATAR HQ OVERHEAD   ","C019960006","1101"
"HQ Houston","NESR BVI","IRAQ HQ OVERHEAD    ","C019960007","1101"
"HQ Houston","NESR BVI","INDIA HQ OVERHEAD   ","C019960008","1101"
"HQ Houston","NESR BVI","LIBYA HQ OVERHEAD   ","C019960009","1101"
"HQ Houston","NESR BVI","INDONESIA HQ OVERH. ","C019960010","1101"
"HQ Houston","NESR BVI","KUWAIT HQ OVERHEAD  ","C019960011","1101"
"HQ Houston","NESR BVI","SSA HQ OVERHEAD     ","C019960012","1101"
"HQ Houston","NESR BVI","YEMEN HQ OVERHEAD   ","C019960013","1101"
"HQ Houston","NESR BVI","JORDAN HQ OVERHEAD  ","C019960014","1101"
"HQ Houston","NESR BVI","ELIMINATIONS        ","C019999999","1101"
"HQ Houston","NESR TEXAS","WATER & PROD ASSURAN","C024600101","1102"
"HQ Houston","NESR TEXAS","TECHNICAL MANAGEMENT","C027700005","1102"
"HQ Houston","NESR TEXAS","SUPPLY CHAIN        ","C028800001","1102"
"HQ Houston","NESR TEXAS","FINANCE             ","C028800002","1102"
"HQ Houston","NESR TEXAS","OFFICE FACILITY     ","C028800003","1102"
"HQ Houston","NESR TEXAS","ADMIN GOVT & SECURIT","C028800004","1102"
"HQ Houston","NESR TEXAS","BUSINESS DEVELOPMENT","C028800005","1102"
"HQ Houston","NESR TEXAS","IT                  ","C028800006","1102"
"HQ Houston","NESR TEXAS","HUMAN RESOURCES     ","C028800007","1102"
"HQ Houston","NESR TEXAS","INTERNS             ","C028800008","1102"
"HQ Houston","NESR TEXAS","MANAGEMENT          ","C028800009","1102"
"HQ Houston","NESR TEXAS","LEGAL               ","C028800010","1102"
"HQ Houston","NESR TEXAS","KSA HQ OVERHEAD     ","C029960001","1102"
"HQ Houston","NESR TEXAS","EGYPT HQ OVERHEAD   ","C029960002","1102"
"HQ Houston","NESR TEXAS","OMAN HQ OVERHEAD    ","C029960003","1102"
"HQ Houston","NESR TEXAS","ALGERIA HQ OVERHEAD ","C029960004","1102"
"HQ Houston","NESR TEXAS","UAE HQ OVERHEAD     ","C029960005","1102"
"HQ Houston","NESR TEXAS","QATAR HQ OVERHEAD   ","C029960006","1102"
"HQ Houston","NESR TEXAS","IRAQ HQ OVERHEAD    ","C029960007","1102"
"HQ Houston","NESR TEXAS","INDIA HQ OVERHEAD   ","C029960008","1102"
"HQ Houston","NESR TEXAS","LIBYA HQ OVERHEAD   ","C029960009","1102"
"HQ Houston","NESR TEXAS","INDONESIA HQ OVERH. ","C029960010","1102"
"HQ Houston","NESR TEXAS","KUWAIT HQ OVERHEAD  ","C029960011","1102"
"HQ Houston","NESR TEXAS","SSA HQ OVERHEAD     ","C029960012","1102"
"HQ Houston","NESR TEXAS","YEMEN HQ OVERHEAD   ","C029960013","1102"
"HQ Houston","NESR TEXAS","JORDAN HQ OVERHEAD  ","C029960014","1102"
"HQ Houston","NESR TEXAS","ELIMINATIONS        ","C029999999","1102"
"HQ Houston","NESR-USA","TECHNICAL MANAGEMENT","C037700005","1103"
"HQ Houston","NESR-USA","SUPPLY CHAIN        ","C038800001","1103"
"HQ Houston","NESR-USA","FINANCE             ","C038800002","1103"
"HQ Houston","NESR-USA","OFFICE FACILITY     ","C038800003","1103"
"HQ Houston","NESR-USA","ADMIN GOVT & SECURIT","C038800004","1103"
"HQ Houston","NESR-USA","BUSINESS DEVELOPMENT","C038800005","1103"
"HQ Houston","NESR-USA","IT                  ","C038800006","1103"
"HQ Houston","NESR-USA","HUMAN RESOURCES     ","C038800007","1103"
"HQ Houston","NESR-USA","INTERNS             ","C038800008","1103"
"HQ Houston","NESR-USA","MANAGEMENT          ","C038800009","1103"
"HQ Houston","NESR-USA","LEGAL               ","C038800010","1103"
"HQ Houston","NESR-USA","KSA HQ OVERHEAD     ","C039960001","1103"
"HQ Houston","NESR-USA","EGYPT HQ OVERHEAD   ","C039960002","1103"
"HQ Houston","NESR-USA","OMAN HQ OVERHEAD    ","C039960003","1103"
"HQ Houston","NESR-USA","ALGERIA HQ OVERHEAD ","C039960004","1103"
"HQ Houston","NESR-USA","UAE HQ OVERHEAD     ","C039960005","1103"
"HQ Houston","NESR-USA","QATAR HQ OVERHEAD   ","C039960006","1103"
"HQ Houston","NESR-USA","IRAQ HQ OVERHEAD    ","C039960007","1103"
"HQ Houston","NESR-USA","INDIA HQ OVERHEAD   ","C039960008","1103"
"HQ Houston","NESR-USA","LIBYA HQ OVERHEAD   ","C039960009","1103"
"HQ Houston","NESR-USA","INDONESIA HQ OVERH. ","C039960010","1103"
"HQ Houston","NESR-USA","KUWAIT HQ OVERHEAD  ","C039960011","1103"
"HQ Houston","NESR-USA","SSA HQ OVERHEAD     ","C039960012","1103"
"HQ Houston","NESR-USA","YEMEN HQ OVERHEAD   ","C039960013","1103"
"HQ Houston","NESR-USA","JORDAN HQ OVERHEAD  ","C039960014","1103"
"HQ Houston","NESR-USA","ELIMINATIONS        ","C039999999","1103"
"HQ Houston","NESR-UK","TECHNICAL MANAGEMENT","C047700005","1104"
"HQ Houston","NESR-UK","SUPPLY CHAIN        ","C048800001","1104"
"HQ Houston","NESR-UK","FINANCE             ","C048800002","1104"
"HQ Houston","NESR-UK","OFFICE FACILITY     ","C048800003","1104"
"HQ Houston","NESR-UK","ADMIN GOVT & SECURIT","C048800004","1104"
"HQ Houston","NESR-UK","BUSINESS DEVELOPMENT","C048800005","1104"
"HQ Houston","NESR-UK","IT                  ","C048800006","1104"
"HQ Houston","NESR-UK","HUMAN RESOURCES     ","C048800007","1104"
"HQ Houston","NESR-UK","INTERNS             ","C048800008","1104"
"HQ Houston","NESR-UK","MANAGEMENT          ","C048800009","1104"
"HQ Houston","NESR-UK","LEGAL               ","C048800010","1104"
"HQ Houston","NESR-UK","KSA HQ OVERHEAD     ","C049960001","1104"
"HQ Houston","NESR-UK","EGYPT HQ OVERHEAD   ","C049960002","1104"
"HQ Houston","NESR-UK","OMAN HQ OVERHEAD    ","C049960003","1104"
"HQ Houston","NESR-UK","ALGERIA HQ OVERHEAD ","C049960004","1104"
"HQ Houston","NESR-UK","UAE HQ OVERHEAD     ","C049960005","1104"
"HQ Houston","NESR-UK","QATAR HQ OVERHEAD   ","C049960006","1104"
"HQ Houston","NESR-UK","IRAQ HQ OVERHEAD    ","C049960007","1104"
"HQ Houston","NESR-UK","INDIA HQ OVERHEAD   ","C049960008","1104"
"HQ Houston","NESR-UK","LIBYA HQ OVERHEAD   ","C049960009","1104"
"HQ Houston","NESR-UK","INDONESIA HQ OVERH. ","C049960010","1104"
"HQ Houston","NESR-UK","KUWAIT HQ OVERHEAD  ","C049960011","1104"
"HQ Houston","NESR-UK","SSA HQ OVERHEAD     ","C049960012","1104"
"HQ Houston","NESR-UK","YEMEN HQ OVERHEAD   ","C049960013","1104"
"HQ Houston","NESR-UK","JORDAN HQ OVERHEAD  ","C049960014","1104"
"HQ Houston","NESR-UK","ELIMINATIONS        ","C049999999","1104"
"HQ Dubai","NPS Holdings Limited DIFC","TECHNICAL MANAGEMENT","C107700005","2110"
"HQ Dubai","NPS Holdings Limited DIFC","SUPPLY CHAIN        ","C108800001","2110"
"HQ Dubai","NPS Holdings Limited DIFC","FINANCE             ","C108800002","2110"
"HQ Dubai","NPS Holdings Limited DIFC","OFFICE FACILITY     ","C108800003","2110"
"HQ Dubai","NPS Holdings Limited DIFC","ADMIN GOVT & SECURIT","C108800004","2110"
"HQ Dubai","NPS Holdings Limited DIFC","BUSINESS DEVELOPMENT","C108800005","2110"
"HQ Dubai","NPS Holdings Limited DIFC","IT                  ","C108800006","2110"
"HQ Dubai","NPS Holdings Limited DIFC","HUMAN RESOURCES     ","C108800007","2110"
"HQ Dubai","NPS Holdings Limited DIFC","INTERNS             ","C108800008","2110"
"HQ Dubai","NPS Holdings Limited DIFC","MANAGEMENT          ","C108800009","2110"
"HQ Dubai","NPS Holdings Limited DIFC","LEGAL               ","C108800010","2110"
"HQ Dubai","NPS Holdings Limited DIFC","KSA HQ OVERHEAD     ","C109960001","2110"
"HQ Dubai","NPS Holdings Limited DIFC","EGYPT HQ OVERHEAD   ","C109960002","2110"
"HQ Dubai","NPS Holdings Limited DIFC","OMAN HQ OVERHEAD    ","C109960003","2110"
"HQ Dubai","NPS Holdings Limited DIFC","ALGERIA HQ OVERHEAD ","C109960004","2110"
"HQ Dubai","NPS Holdings Limited DIFC","UAE HQ OVERHEAD     ","C109960005","2110"
"HQ Dubai","NPS Holdings Limited DIFC","QATAR HQ OVERHEAD   ","C109960006","2110"
"HQ Dubai","NPS Holdings Limited DIFC","IRAQ HQ OVERHEAD    ","C109960007","2110"
"HQ Dubai","NPS Holdings Limited DIFC","INDIA HQ OVERHEAD   ","C109960008","2110"
"HQ Dubai","NPS Holdings Limited DIFC","LIBYA HQ OVERHEAD   ","C109960009","2110"
"HQ Dubai","NPS Holdings Limited DIFC","INDONESIA HQ OVERH. ","C109960010","2110"
"HQ Dubai","NPS Holdings Limited DIFC","KUWAIT HQ OVERHEAD  ","C109960011","2110"
"HQ Dubai","NPS Holdings Limited DIFC","SSA HQ OVERHEAD     ","C109960012","2110"
"HQ Dubai","NPS Holdings Limited DIFC","YEMEN HQ OVERHEAD   ","C109960013","2110"
"HQ Dubai","NPS Holdings Limited DIFC","JORDAN HQ OVERHEAD  ","C109960014","2110"
"HQ Dubai","NPS Holdings Limited DIFC","ELIMINATIONS        ","C109999999","2110"
"HQ Dubai","NESR DMCC","CEMENTING           ","C111100101","2111"
"HQ Dubai","NESR DMCC","COILED TUBING       ","C111110101","2111"
"HQ Dubai","NESR DMCC","HYDRAULIC FRACTURING","C111130101","2111"
"HQ Dubai","NESR DMCC","PIPELINES           ","C111140101","2111"
"HQ Dubai","NESR DMCC","ARTIFICIAL LIFT SERV","C111180101","2111"
"HQ Dubai","NESR DMCC","SURFACE TESTING     ","C112300101","2111"
"HQ Dubai","NESR DMCC","WL LOG - OPEN HOLE  ","C112310101","2111"
"HQ Dubai","NESR DMCC","SLICKLINE           ","C112320101","2111"
"HQ Dubai","NESR DMCC","DIRECTIONAL DRILLING","C113410101","2111"
"HQ Dubai","NESR DMCC","TUBULAR RUNNING SERV","C113420101","2111"
"HQ Dubai","NESR DMCC","DOWN HOLE TOOLS     ","C113430101","2111"
"HQ Dubai","NESR DMCC","DRILLING FLUIDS     ","C113440101","2111"
"HQ Dubai","NESR DMCC","FISHING SERVICES    ","C113450101","2111"
"HQ Dubai","NESR DMCC","MACHINE SHOP        ","C113460101","2111"
"HQ Dubai","NESR DMCC","MANAGED PRESSURE DRI","C113470101","2111"
"HQ Dubai","NESR DMCC","MANUFACTURING       ","C113480101","2111"
"HQ Dubai","NESR DMCC","RIGS                ","C113490101","2111"
"HQ Dubai","NESR DMCC","THROUGH TUBING      ","C113500101","2111"
"HQ Dubai","NESR DMCC","WATER & PROD ASSURAN","C114600101","2111"
"HQ Dubai","NESR DMCC","MAINTENAN & WORKSHOP","C117700001","2111"
"HQ Dubai","NESR DMCC","QHSE                ","C117700002","2111"
"HQ Dubai","NESR DMCC","TRANSPORTATION      ","C117700003","2111"
"HQ Dubai","NESR DMCC","FACILITY            ","C117700004","2111"
"HQ Dubai","NESR DMCC","TECHNICAL MANAGEMENT","C117700005","2111"
"HQ Dubai","NESR DMCC","LAB CTU & CMT       ","C117700006","2111"
"HQ Dubai","NESR DMCC","WAREHOUSE           ","C117700007","2111"
"HQ Dubai","NESR DMCC","LOGISTICS           ","C117700008","2111"
"HQ Dubai","NESR DMCC","SUPPLY CHAIN        ","C118800001","2111"
"HQ Dubai","NESR DMCC","FINANCE             ","C118800002","2111"
"HQ Dubai","NESR DMCC","OFFICE FACILITY     ","C118800003","2111"
"HQ Dubai","NESR DMCC","ADMIN GOVT & SECURIT","C118800004","2111"
"HQ Dubai","NESR DMCC","BUSINESS DEVELOPMENT","C118800005","2111"
"HQ Dubai","NESR DMCC","IT                  ","C118800006","2111"
"HQ Dubai","NESR DMCC","HUMAN RESOURCES     ","C118800007","2111"
"HQ Dubai","NESR DMCC","INTERNS             ","C118800008","2111"
"HQ Dubai","NESR DMCC","MANAGEMENT          ","C118800009","2111"
"HQ Dubai","NESR DMCC","LEGAL               ","C118800010","2111"
"HQ Dubai","NESR DMCC","KSA HQ OVERHEAD     ","C119960001","2111"
"HQ Dubai","NESR DMCC","EGYPT HQ OVERHEAD   ","C119960002","2111"
"HQ Dubai","NESR DMCC","OMAN HQ OVERHEAD    ","C119960003","2111"
"HQ Dubai","NESR DMCC","ALGERIA HQ OVERHEAD ","C119960004","2111"
"HQ Dubai","NESR DMCC","UAE HQ OVERHEAD     ","C119960005","2111"
"HQ Dubai","NESR DMCC","QATAR HQ OVERHEAD   ","C119960006","2111"
"HQ Dubai","NESR DMCC","IRAQ HQ OVERHEAD    ","C119960007","2111"
"HQ Dubai","NESR DMCC","INDIA HQ OVERHEAD   ","C119960008","2111"
"HQ Dubai","NESR DMCC","LIBYA HQ OVERHEAD   ","C119960009","2111"
"HQ Dubai","NESR DMCC","INDONESIA HQ OVERH. ","C119960010","2111"
"HQ Dubai","NESR DMCC","KUWAIT HQ OVERHEAD  ","C119960011","2111"
"HQ Dubai","NESR DMCC","SSA HQ OVERHEAD     ","C119960012","2111"
"HQ Dubai","NESR DMCC","YEMEN HQ OVERHEAD   ","C119960013","2111"
"HQ Dubai","NESR DMCC","JORDAN HQ OVERHEAD  ","C119960014","2111"
"HQ Dubai","NESR DMCC","ELIMINATIONS        ","C119999999","2111"
"KSA","Energy Oilfield Supplies DMCC","CEMENTING           ","C121100101","2112"
"KSA","Energy Oilfield Supplies DMCC","OVERHEAD CEMENTING  ","C121109901","2112"
"KSA","Energy Oilfield Supplies DMCC","COILED TUBING       ","C121110101","2112"
"KSA","Energy Oilfield Supplies DMCC","OVERHEAD CTU        ","C121119901","2112"
"KSA","Energy Oilfield Supplies DMCC","HYDRAULIC FRACTURING","C121130101","2112"
"KSA","Energy Oilfield Supplies DMCC","OVERHEAD FRAC       ","C121139901","2112"
"KSA","Energy Oilfield Supplies DMCC","PROD & SPECIAL CHEM ","C121160101","2112"
"KSA","Energy Oilfield Supplies DMCC","OVERHEAD LOGGING    ","C122319901","2112"
"KSA","Energy Oilfield Supplies DMCC","DIRECTIONAL DRILLING","C123410101","2112"
"KSA","Energy Oilfield Supplies DMCC","OVERHEAD DRILLING   ","C123419901","2112"
"KSA","Energy Oilfield Supplies DMCC","TUBULAR RUNNING SERV","C123420101","2112"
"KSA","Energy Oilfield Supplies DMCC","OVERHEAD TRS        ","C123429901","2112"
"KSA","Energy Oilfield Supplies DMCC","RIGS                ","C123490101","2112"
"KSA","Energy Oilfield Supplies DMCC","OVERHEAD RIGS       ","C123499901","2112"
"KSA","Energy Oilfield Supplies DMCC","OVERHEAD ESG COST   ","C124609901","2112"
"KSA","Energy Oilfield Supplies DMCC","TECHNICAL MANAGEMENT","C127700005","2112"
"KSA","Energy Oilfield Supplies DMCC","LOGISTICS           ","C127700008","2112"
"KSA","Energy Oilfield Supplies DMCC","OVERHEAD TECH. MANAG","C127709905","2112"
"KSA","Energy Oilfield Supplies DMCC","OVERHEAD LOGISTICS  ","C127709908","2112"
"KSA","Energy Oilfield Supplies DMCC","SUPPLY CHAIN        ","C128800001","2112"
"KSA","Energy Oilfield Supplies DMCC","FINANCE             ","C128800002","2112"
"KSA","Energy Oilfield Supplies DMCC","OFFICE FACILITY     ","C128800003","2112"
"KSA","Energy Oilfield Supplies DMCC","ADMIN GOVT & SECURIT","C128800004","2112"
"KSA","Energy Oilfield Supplies DMCC","BUSINESS DEVELOPMENT","C128800005","2112"
"KSA","Energy Oilfield Supplies DMCC","IT                  ","C128800006","2112"
"KSA","Energy Oilfield Supplies DMCC","HUMAN RESOURCES     ","C128800007","2112"
"KSA","Energy Oilfield Supplies DMCC","INTERNS             ","C128800008","2112"
"KSA","Energy Oilfield Supplies DMCC","MANAGEMENT          ","C128800009","2112"
"KSA","Energy Oilfield Supplies DMCC","LEGAL               ","C128800010","2112"
"KSA","Energy Oilfield Supplies DMCC","OVERHEAD SUPPL CHAIN","C128809901","2112"
"KSA","Energy Oilfield Supplies DMCC","OVERHEAD FINANCE    ","C128809902","2112"
"KSA","Energy Oilfield Supplies DMCC","OVERHEAD OFFICE FACI","C128809903","2112"
"KSA","Energy Oilfield Supplies DMCC","OVERHEAD ADMIN GOVT ","C128809904","2112"
"KSA","Energy Oilfield Supplies DMCC","OVERHEAD MARKETING  ","C128809905","2112"
"KSA","Energy Oilfield Supplies DMCC","OVERHEAD IT         ","C128809906","2112"
"KSA","Energy Oilfield Supplies DMCC","OVERHEAD HUMAN RESOU","C128809907","2112"
"KSA","Energy Oilfield Supplies DMCC","OVERHEAD INTERNS    ","C128809908","2112"
"KSA","Energy Oilfield Supplies DMCC","OVERHEAD MANAGEMENT ","C128809909","2112"
"KSA","Energy Oilfield Supplies DMCC","OVERHEAD LEGAL      ","C128809910","2112"
"KSA","Energy Oilfield Supplies DMCC","HUB - SUPPLY CHAIN  ","C128890001","2112"
"KSA","Energy Oilfield Supplies DMCC","HUB - FINANCE       ","C128890002","2112"
"KSA","Energy Oilfield Supplies DMCC","HUB - FACILITY      ","C128890003","2112"
"KSA","Energy Oilfield Supplies DMCC","HUB-ADMIN,GOVT&SECUR","C128890004","2112"
"KSA","Energy Oilfield Supplies DMCC","HUB - MARKETING     ","C128890005","2112"
"KSA","Energy Oilfield Supplies DMCC","HUB - IT            ","C128890006","2112"
"KSA","Energy Oilfield Supplies DMCC","HUB - HR            ","C128890007","2112"
"KSA","Energy Oilfield Supplies DMCC","HUB - INTERNS       ","C128890008","2112"
"KSA","Energy Oilfield Supplies DMCC","HUB - MANAGEMENT    ","C128890009","2112"
"KSA","Energy Oilfield Supplies DMCC","TUBULAR RUNNING SERV","C128890015","2112"
"KSA","Energy Oilfield Supplies DMCC","RIGS                ","C128890016","2112"
"KSA","Energy Oilfield Supplies DMCC","HUB- LOGISTICS      ","C128890017","2112"
"KSA","Energy Oilfield Supplies DMCC","KSA HQ OVERHEAD     ","C129960001","2112"
"KSA","Energy Oilfield Supplies DMCC","EGYPT HQ OVERHEAD   ","C129960002","2112"
"KSA","Energy Oilfield Supplies DMCC","OMAN HQ OVERHEAD    ","C129960003","2112"
"KSA","Energy Oilfield Supplies DMCC","ALGERIA HQ OVERHEAD ","C129960004","2112"
"KSA","Energy Oilfield Supplies DMCC","UAE HQ OVERHEAD     ","C129960005","2112"
"KSA","Energy Oilfield Supplies DMCC","QATAR HQ OVERHEAD   ","C129960006","2112"
"KSA","Energy Oilfield Supplies DMCC","IRAQ HQ OVERHEAD    ","C129960007","2112"
"KSA","Energy Oilfield Supplies DMCC","INDIA HQ OVERHEAD   ","C129960008","2112"
"KSA","Energy Oilfield Supplies DMCC","LIBYA HQ OVERHEAD   ","C129960009","2112"
"KSA","Energy Oilfield Supplies DMCC","INDONESIA HQ OVERH. ","C129960010","2112"
"KSA","Energy Oilfield Supplies DMCC","KUWAIT HQ OVERHEAD  ","C129960011","2112"
"KSA","Energy Oilfield Supplies DMCC","SSA HQ OVERHEAD     ","C129960012","2112"
"KSA","Energy Oilfield Supplies DMCC","YEMEN HQ OVERHEAD   ","C129960013","2112"
"KSA","Energy Oilfield Supplies DMCC","JORDAN HQ OVERHEAD  ","C129960014","2112"
"KSA","Energy Oilfield Supplies DMCC","ELIMINATIONS        ","C129999999","2112"
"EOS JAFZA","Energy Oilfield Supplies JAFZA","CEMENTING           ","C131100101","2113"
"EOS JAFZA","Energy Oilfield Supplies JAFZA","COILED TUBING       ","C131110101","2113"
"EOS JAFZA","Energy Oilfield Supplies JAFZA","FILTRATION          ","C131120101","2113"
"EOS JAFZA","Energy Oilfield Supplies JAFZA","HYDRAULIC FRACTURING","C131130101","2113"
"EOS JAFZA","Energy Oilfield Supplies JAFZA","PIPELINES           ","C131140101","2113"
"EOS JAFZA","Energy Oilfield Supplies JAFZA","ARTIFICIAL LIFT SERV","C131180101","2113"
"EOS JAFZA","Energy Oilfield Supplies JAFZA","SURFACE TESTING     ","C132300101","2113"
"EOS JAFZA","Energy Oilfield Supplies JAFZA","WL LOG - OPEN HOLE  ","C132310101","2113"
"EOS JAFZA","Energy Oilfield Supplies JAFZA","SLICKLINE           ","C132320101","2113"
"EOS JAFZA","Energy Oilfield Supplies JAFZA","DIRECTIONAL DRILLING","C133410101","2113"
"EOS JAFZA","Energy Oilfield Supplies JAFZA","TUBULAR RUNNING SERV","C133420101","2113"
"EOS JAFZA","Energy Oilfield Supplies JAFZA","DRILLING FLUIDS     ","C133440101","2113"
"EOS JAFZA","Energy Oilfield Supplies JAFZA","FISHING SERVICES    ","C133450101","2113"
"EOS JAFZA","Energy Oilfield Supplies JAFZA","MACHINE SHOP        ","C133460101","2113"
"EOS JAFZA","Energy Oilfield Supplies JAFZA","MANAGED PRESSURE DRI","C133470101","2113"
"EOS JAFZA","Energy Oilfield Supplies JAFZA","MANUFACTURING       ","C133480101","2113"
"EOS JAFZA","Energy Oilfield Supplies JAFZA","RIGS                ","C133490101","2113"
"EOS JAFZA","Energy Oilfield Supplies JAFZA","THROUGH TUBING      ","C133500101","2113"
"EOS JAFZA","Energy Oilfield Supplies JAFZA","TECHNICAL MANAGEMENT","C137700005","2113"
"EOS JAFZA","Energy Oilfield Supplies JAFZA","LOGISTICS           ","C137700008","2113"
"EOS JAFZA","Energy Oilfield Supplies JAFZA","SUPPLY CHAIN        ","C138800001","2113"
"EOS JAFZA","Energy Oilfield Supplies JAFZA","FINANCE             ","C138800002","2113"
"EOS JAFZA","Energy Oilfield Supplies JAFZA","OFFICE FACILITY     ","C138800003","2113"
"EOS JAFZA","Energy Oilfield Supplies JAFZA","ADMIN GOVT & SECURIT","C138800004","2113"
"EOS JAFZA","Energy Oilfield Supplies JAFZA","BUSINESS DEVELOPMENT","C138800005","2113"
"EOS JAFZA","Energy Oilfield Supplies JAFZA","IT                  ","C138800006","2113"
"EOS JAFZA","Energy Oilfield Supplies JAFZA","HUMAN RESOURCES     ","C138800007","2113"
"EOS JAFZA","Energy Oilfield Supplies JAFZA","INTERNS             ","C138800008","2113"
"EOS JAFZA","Energy Oilfield Supplies JAFZA","MANAGEMENT          ","C138800009","2113"
"EOS JAFZA","Energy Oilfield Supplies JAFZA","LEGAL               ","C138800010","2113"
"EOS JAFZA","Energy Oilfield Supplies JAFZA","ELIMINATIONS        ","C139999999","2113"
"HQ Dubai","Taqaat Prof Services DMCC","TECHNICAL MANAGEMENT","C147700005","2114"
"HQ Dubai","Taqaat Prof Services DMCC","SUPPLY CHAIN        ","C148800001","2114"
"HQ Dubai","Taqaat Prof Services DMCC","FINANCE             ","C148800002","2114"
"HQ Dubai","Taqaat Prof Services DMCC","OFFICE FACILITY     ","C148800003","2114"
"HQ Dubai","Taqaat Prof Services DMCC","ADMIN GOVT & SECURIT","C148800004","2114"
"HQ Dubai","Taqaat Prof Services DMCC","BUSINESS DEVELOPMENT","C148800005","2114"
"HQ Dubai","Taqaat Prof Services DMCC","IT                  ","C148800006","2114"
"HQ Dubai","Taqaat Prof Services DMCC","HUMAN RESOURCES     ","C148800007","2114"
"HQ Dubai","Taqaat Prof Services DMCC","INTERNS             ","C148800008","2114"
"HQ Dubai","Taqaat Prof Services DMCC","MANAGEMENT          ","C148800009","2114"
"HQ Dubai","Taqaat Prof Services DMCC","LEGAL               ","C148800010","2114"
"HQ Dubai","Taqaat Prof Services DMCC","ELIMINATIONS        ","C149999999","2114"
"UAE","NESR Energy Services LLC","CEMENTING           ","C151100101","2115"
"UAE","NESR Energy Services LLC","CEMENT DHT          ","C151100201","2115"
"UAE","NESR Energy Services LLC","COILED TUBING       ","C151110101","2115"
"UAE","NESR Energy Services LLC","HYDRAULIC FRACTURING","C151130101","2115"
"UAE","NESR Energy Services LLC","HYDRAULIC FRAC UNCON","C151130301","2115"
"UAE","NESR Energy Services LLC","PIPELINES           ","C151140101","2115"
"UAE","NESR Energy Services LLC","NITROGEN            ","C151150101","2115"
"UAE","NESR Energy Services LLC","STIMULATION         ","C151170101","2115"
"UAE","NESR Energy Services LLC","SURFACE TESTING     ","C152300101","2115"
"UAE","NESR Energy Services LLC","MP FLOW METER       ","C152300201","2115"
"UAE","NESR Energy Services LLC","OVERHEAD WTS        ","C152309901","2115"
"UAE","NESR Energy Services LLC","WL LOG - OPEN HOLE  ","C152310101","2115"
"UAE","NESR Energy Services LLC","WL LOG-CASED HOLE   ","C152310201","2115"
"UAE","NESR Energy Services LLC","OVERHEAD DRILLING   ","C153419901","2115"
"UAE","NESR Energy Services LLC","WATER & PROD ASSURAN","C154600101","2115"
"UAE","NESR Energy Services LLC","MAINTENAN & WORKSHOP","C157700001","2115"
"UAE","NESR Energy Services LLC","QHSE                ","C157700002","2115"
"UAE","NESR Energy Services LLC","TRANSPORTATION      ","C157700003","2115"
"UAE","NESR Energy Services LLC","FACILITY            ","C157700004","2115"
"UAE","NESR Energy Services LLC","TECHNICAL MANAGEMENT","C157700005","2115"
"UAE","NESR Energy Services LLC","LAB CTU & CMT       ","C157700006","2115"
"UAE","NESR Energy Services LLC","WAREHOUSE           ","C157700007","2115"
"UAE","NESR Energy Services LLC","LOGISTICS           ","C157700008","2115"
"UAE","NESR Energy Services LLC","SUPPLY CHAIN        ","C158800001","2115"
"UAE","NESR Energy Services LLC","FINANCE             ","C158800002","2115"
"UAE","NESR Energy Services LLC","OFFICE FACILITY     ","C158800003","2115"
"UAE","NESR Energy Services LLC","ADMIN GOVT & SECURIT","C158800004","2115"
"UAE","NESR Energy Services LLC","BUSINESS DEVELOPMENT","C158800005","2115"
"UAE","NESR Energy Services LLC","IT                  ","C158800006","2115"
"UAE","NESR Energy Services LLC","HUMAN RESOURCES     ","C158800007","2115"
"UAE","NESR Energy Services LLC","INTERNS             ","C158800008","2115"
"UAE","NESR Energy Services LLC","MANAGEMENT          ","C158800009","2115"
"UAE","NESR Energy Services LLC","LEGAL               ","C158800010","2115"
"UAE","NESR Energy Services LLC","OVERHEAD SUPPL CHAIN","C158809901","2115"
"UAE","NESR Energy Services LLC","OVERHEAD FINANCE    ","C158809902","2115"
"UAE","NESR Energy Services LLC","OVERHEAD MARKETING  ","C158809905","2115"
"UAE","NESR Energy Services LLC","OVERHEAD HUMAN RESOU","C158809907","2115"
"UAE","NESR Energy Services LLC","OVERHEAD LEGAL      ","C158809910","2115"
"UAE","NESR Energy Services LLC","UAE HQ OVERHEAD     ","C159960001","2115"
"UAE","NESR Energy Services LLC","EGYPT HQ OVERHEAD   ","C159960002","2115"
"UAE","NESR Energy Services LLC","OMAN HQ OVERHEAD    ","C159960003","2115"
"UAE","NESR Energy Services LLC","ALGERIA HQ OVERHEAD ","C159960004","2115"
"UAE","NESR Energy Services LLC","UAE HQ OVERHEAD     ","C159960005","2115"
"UAE","NESR Energy Services LLC","QATAR HQ OVERHEAD   ","C159960006","2115"
"UAE","NESR Energy Services LLC","IRAQ HQ OVERHEAD    ","C159960007","2115"
"UAE","NESR Energy Services LLC","INDIA HQ OVERHEAD   ","C159960008","2115"
"UAE","NESR Energy Services LLC","LIBYA HQ OVERHEAD   ","C159960009","2115"
"UAE","NESR Energy Services LLC","INDONESIA HQ OVERH. ","C159960010","2115"
"UAE","NESR Energy Services LLC","KUWAIT HQ OVERHEAD  ","C159960011","2115"
"UAE","NESR Energy Services LLC","SSA HQ OVERHEAD     ","C159960012","2115"
"UAE","NESR Energy Services LLC","YEMEN HQ OVERHEAD   ","C159960013","2115"
"UAE","NESR Energy Services LLC","JORDAN HQ OVERHEAD  ","C159960014","2115"
"UAE","NESR Energy Services LLC","KSA HQ OVERHEAD     ","C159960015","2115"
"UAE","NESR Energy Services LLC","ELIMINATIONS        ","C159999999","2115"
"UAE","SAPESCO","COILED TUBING       ","C161110101","2116"
"UAE","SAPESCO","COILED TUBING DHT   ","C161110201","2116"
"UAE","SAPESCO","PIPELINES           ","C161140101","2116"
"UAE","SAPESCO","NITROGEN PURGE      ","C161140701","2116"
"UAE","SAPESCO","NITROGEN            ","C161150101","2116"
"UAE","SAPESCO","STIMULATION         ","C161170101","2116"
"UAE","SAPESCO","SURFACE TESTING     ","C162300101","2116"
"UAE","SAPESCO","WL LOG-CASED HOLE   ","C162310201","2116"
"UAE","SAPESCO","SLICKLINE           ","C162320101","2116"
"UAE","SAPESCO","CORING SERVICES     ","C163410501","2116"
"UAE","SAPESCO","MUD LOGGING         ","C163410601","2116"
"UAE","SAPESCO","TUBULAR RUNNING SERV","C163420101","2116"
"UAE","SAPESCO","DOWN HOLE TOOLS     ","C163430101","2116"
"UAE","SAPESCO","WATER & PROD ASSURAN","C164600101","2116"
"UAE","SAPESCO","MAINTENAN & WORKSHOP","C167700001","2116"
"UAE","SAPESCO","QHSE                ","C167700002","2116"
"UAE","SAPESCO","TRANSPORTATION      ","C167700003","2116"
"UAE","SAPESCO","FACILITY            ","C167700004","2116"
"UAE","SAPESCO","TECHNICAL MANAGEMENT","C167700005","2116"
"UAE","SAPESCO","LAB CTU & CMT       ","C167700006","2116"
"UAE","SAPESCO","WAREHOUSE           ","C167700007","2116"
"UAE","SAPESCO","LOGISTICS           ","C167700008","2116"
"UAE","SAPESCO","SUPPLY CHAIN        ","C168800001","2116"
"UAE","SAPESCO","FINANCE             ","C168800002","2116"
"UAE","SAPESCO","OFFICE FACILITY     ","C168800003","2116"
"UAE","SAPESCO","ADMIN GOVT & SECURIT","C168800004","2116"
"UAE","SAPESCO","BUSINESS DEVELOPMENT","C168800005","2116"
"UAE","SAPESCO","IT                  ","C168800006","2116"
"UAE","SAPESCO","HUMAN RESOURCES     ","C168800007","2116"
"UAE","SAPESCO","INTERNS             ","C168800008","2116"
"UAE","SAPESCO","MANAGEMENT          ","C168800009","2116"
"UAE","SAPESCO","LEGAL               ","C168800010","2116"
"UAE","SAPESCO","UAE HQ OVERHEAD     ","C169960001","2116"
"UAE","SAPESCO","ELIMINATIONS        ","C169999999","2116"
"HQ Dubai","NNG Reinsurance Limited","TECHNICAL MANAGEMENT","C177700005","2117"
"HQ Dubai","NNG Reinsurance Limited","SUPPLY CHAIN        ","C178800001","2117"
"HQ Dubai","NNG Reinsurance Limited","FINANCE             ","C178800002","2117"
"HQ Dubai","NNG Reinsurance Limited","OFFICE FACILITY     ","C178800003","2117"
"HQ Dubai","NNG Reinsurance Limited","ADMIN GOVT & SECURIT","C178800004","2117"
"HQ Dubai","NNG Reinsurance Limited","BUSINESS DEVELOPMENT","C178800005","2117"
"HQ Dubai","NNG Reinsurance Limited","IT                  ","C178800006","2117"
"HQ Dubai","NNG Reinsurance Limited","HUMAN RESOURCES     ","C178800007","2117"
"HQ Dubai","NNG Reinsurance Limited","INTERNS             ","C178800008","2117"
"HQ Dubai","NNG Reinsurance Limited","MANAGEMENT          ","C178800009","2117"
"HQ Dubai","NNG Reinsurance Limited","LEGAL               ","C178800010","2117"
"HQ Dubai","NNG Reinsurance Limited","ELIMINATIONS        ","C179999999","2117"
"HQ Dubai","NESR Energy Services  HQ","COILED TUBING       ","C181110101","2118"
"HQ Dubai","NESR Energy Services  HQ","COILED TUBING DHT   ","C181110201","2118"
"HQ Dubai","NESR Energy Services  HQ","COILED TUBING UNCONV","C181110301","2118"
"HQ Dubai","NESR Energy Services  HQ","MAINTENAN & WORKSHOP","C187700001","2118"
"HQ Dubai","NESR Energy Services  HQ","QHSE                ","C187700002","2118"
"HQ Dubai","NESR Energy Services  HQ","TRANSPORTATION      ","C187700003","2118"
"HQ Dubai","NESR Energy Services  HQ","FACILITY            ","C187700004","2118"
"HQ Dubai","NESR Energy Services  HQ","TECHNICAL MANAGEMENT","C187700005","2118"
"HQ Dubai","NESR Energy Services  HQ","LAB CTU & CMT       ","C187700006","2118"
"HQ Dubai","NESR Energy Services  HQ","WAREHOUSE           ","C187700007","2118"
"HQ Dubai","NESR Energy Services  HQ","LOGISTICS           ","C187700008","2118"
"HQ Dubai","NESR Energy Services  HQ","SUPPLY CHAIN        ","C188800001","2118"
"HQ Dubai","NESR Energy Services  HQ","FINANCE             ","C188800002","2118"
"HQ Dubai","NESR Energy Services  HQ","OFFICE FACILITY     ","C188800003","2118"
"HQ Dubai","NESR Energy Services  HQ","ADMIN GOVT & SECURIT","C188800004","2118"
"HQ Dubai","NESR Energy Services  HQ","BUSINESS DEVELOPMENT","C188800005","2118"
"HQ Dubai","NESR Energy Services  HQ","IT                  ","C188800006","2118"
"HQ Dubai","NESR Energy Services  HQ","HUMAN RESOURCES     ","C188800007","2118"
"HQ Dubai","NESR Energy Services  HQ","INTERNS             ","C188800008","2118"
"HQ Dubai","NESR Energy Services  HQ","MANAGEMENT          ","C188800009","2118"
"HQ Dubai","NESR Energy Services  HQ","LEGAL               ","C188800010","2118"
"HQ Dubai","NESR Energy Services  HQ","ELIMINATIONS        ","C189999999","2118"
"KSA","NPS Bahrain for Oil and Gas Well Services WLL","CEMENTING           ","C201100101","2220"
"KSA","NPS Bahrain for Oil and Gas Well Services WLL","COILED TUBING       ","C201110101","2220"
"KSA","NPS Bahrain for Oil and Gas Well Services WLL","FILTRATION          ","C201120101","2220"
"KSA","NPS Bahrain for Oil and Gas Well Services WLL","HYDRAULIC FRACTURING","C201130101","2220"
"KSA","NPS Bahrain for Oil and Gas Well Services WLL","HYDRAULIC FRAC UNCON","C201130301","2220"
"KSA","NPS Bahrain for Oil and Gas Well Services WLL","NITROGEN PURGE      ","C201140701","2220"
"KSA","NPS Bahrain for Oil and Gas Well Services WLL","NITROGEN            ","C201150101","2220"
"KSA","NPS Bahrain for Oil and Gas Well Services WLL","STIMULATION         ","C201170101","2220"
"KSA","NPS Bahrain for Oil and Gas Well Services WLL","SURFACE TESTING     ","C202300101","2220"
"KSA","NPS Bahrain for Oil and Gas Well Services WLL","WELL TESTING UNCONVE","C202300301","2220"
"KSA","NPS Bahrain for Oil and Gas Well Services WLL","WL LOG - OPEN HOLE  ","C202310101","2220"
"KSA","NPS Bahrain for Oil and Gas Well Services WLL","SLICKLINE           ","C202320101","2220"
"KSA","NPS Bahrain for Oil and Gas Well Services WLL","DIRECTIONAL DRILLING","C203410101","2220"
"KSA","NPS Bahrain for Oil and Gas Well Services WLL","OVERHEAD DRILLING   ","C203419901","2220"
"KSA","NPS Bahrain for Oil and Gas Well Services WLL","TUBULAR RUNNING SERV","C203420101","2220"
"KSA","NPS Bahrain for Oil and Gas Well Services WLL","FISHING SERVICES    ","C203450101","2220"
"KSA","NPS Bahrain for Oil and Gas Well Services WLL","RIGS                ","C203490101","2220"
"KSA","NPS Bahrain for Oil and Gas Well Services WLL","THROUGH TUBING      ","C203500101","2220"
"KSA","NPS Bahrain for Oil and Gas Well Services WLL","OTHER WELL HEADS    ","C203510201","2220"
"KSA","NPS Bahrain for Oil and Gas Well Services WLL","EMISSIONS CONTROL   ","C204610101","2220"
"KSA","NPS Bahrain for Oil and Gas Well Services WLL","MAINTENAN & WORKSHOP","C207700001","2220"
"KSA","NPS Bahrain for Oil and Gas Well Services WLL","QHSE                ","C207700002","2220"
"KSA","NPS Bahrain for Oil and Gas Well Services WLL","TRANSPORTATION      ","C207700003","2220"
"KSA","NPS Bahrain for Oil and Gas Well Services WLL","FACILITY            ","C207700004","2220"
"KSA","NPS Bahrain for Oil and Gas Well Services WLL","TECHNICAL MANAGEMENT","C207700005","2220"
"KSA","NPS Bahrain for Oil and Gas Well Services WLL","LOGISTICS           ","C207700008","2220"
"KSA","NPS Bahrain for Oil and Gas Well Services WLL","SUPPLY CHAIN        ","C208800001","2220"
"KSA","NPS Bahrain for Oil and Gas Well Services WLL","FINANCE             ","C208800002","2220"
"KSA","NPS Bahrain for Oil and Gas Well Services WLL","OFFICE FACILITY     ","C208800003","2220"
"KSA","NPS Bahrain for Oil and Gas Well Services WLL","ADMIN GOVT & SECURIT","C208800004","2220"
"KSA","NPS Bahrain for Oil and Gas Well Services WLL","BUSINESS DEVELOPMENT","C208800005","2220"
"KSA","NPS Bahrain for Oil and Gas Well Services WLL","IT                  ","C208800006","2220"
"KSA","NPS Bahrain for Oil and Gas Well Services WLL","HUMAN RESOURCES     ","C208800007","2220"
"KSA","NPS Bahrain for Oil and Gas Well Services WLL","INTERNS             ","C208800008","2220"
"KSA","NPS Bahrain for Oil and Gas Well Services WLL","MANAGEMENT          ","C208800009","2220"
"KSA","NPS Bahrain for Oil and Gas Well Services WLL","LEGAL               ","C208800010","2220"
"KSA","NPS Bahrain for Oil and Gas Well Services WLL","OVERHEAD MANAGEMENT ","C208809909","2220"
"KSA","NPS Bahrain for Oil and Gas Well Services WLL","HUB - SUPPLY CHAIN  ","C208890001","2220"
"KSA","NPS Bahrain for Oil and Gas Well Services WLL","HUB - FINANCE       ","C208890002","2220"
"KSA","NPS Bahrain for Oil and Gas Well Services WLL","HUB - FACILITY      ","C208890003","2220"
"KSA","NPS Bahrain for Oil and Gas Well Services WLL","HUB-ADMIN,GOVT&SECUR","C208890004","2220"
"KSA","NPS Bahrain for Oil and Gas Well Services WLL","HUB - MARKETING     ","C208890005","2220"
"KSA","NPS Bahrain for Oil and Gas Well Services WLL","HUB - IT            ","C208890006","2220"
"KSA","NPS Bahrain for Oil and Gas Well Services WLL","HUB - HR            ","C208890007","2220"
"KSA","NPS Bahrain for Oil and Gas Well Services WLL","HUB - INTERNS       ","C208890008","2220"
"KSA","NPS Bahrain for Oil and Gas Well Services WLL","HUB - MANAGEMENT    ","C208890009","2220"
"KSA","NPS Bahrain for Oil and Gas Well Services WLL","KSA HQ OVERHEAD     ","C209960001","2220"
"KSA","NPS Bahrain for Oil and Gas Well Services WLL","EGYPT HQ OVERHEAD   ","C209960002","2220"
"KSA","NPS Bahrain for Oil and Gas Well Services WLL","OMAN HQ OVERHEAD    ","C209960003","2220"
"KSA","NPS Bahrain for Oil and Gas Well Services WLL","ALGERIA HQ OVERHEAD ","C209960004","2220"
"KSA","NPS Bahrain for Oil and Gas Well Services WLL","UAE HQ OVERHEAD     ","C209960005","2220"
"KSA","NPS Bahrain for Oil and Gas Well Services WLL","QATAR HQ OVERHEAD   ","C209960006","2220"
"KSA","NPS Bahrain for Oil and Gas Well Services WLL","IRAQ HQ OVERHEAD    ","C209960007","2220"
"KSA","NPS Bahrain for Oil and Gas Well Services WLL","INDIA HQ OVERHEAD   ","C209960008","2220"
"KSA","NPS Bahrain for Oil and Gas Well Services WLL","LIBYA HQ OVERHEAD   ","C209960009","2220"
"KSA","NPS Bahrain for Oil and Gas Well Services WLL","INDONESIA HQ OVERH. ","C209960010","2220"
"KSA","NPS Bahrain for Oil and Gas Well Services WLL","KUWAIT HQ OVERHEAD  ","C209960011","2220"
"KSA","NPS Bahrain for Oil and Gas Well Services WLL","SSA HQ OVERHEAD     ","C209960012","2220"
"KSA","NPS Bahrain for Oil and Gas Well Services WLL","YEMEN HQ OVERHEAD   ","C209960013","2220"
"KSA","NPS Bahrain for Oil and Gas Well Services WLL","JORDAN HQ OVERHEAD  ","C209960014","2220"
"KSA","NPS Bahrain for Oil and Gas Well Services WLL","ELIMINATIONS        ","C209999999","2220"
"HQ Dubai","NPS Energy Holding WLL","CEMENTING           ","C211100101","2221"
"HQ Dubai","NPS Energy Holding WLL","CEMENT DHT          ","C211100201","2221"
"HQ Dubai","NPS Energy Holding WLL","COILED TUBING       ","C211110101","2221"
"HQ Dubai","NPS Energy Holding WLL","COILED TUBING DHT   ","C211110201","2221"
"HQ Dubai","NPS Energy Holding WLL","COILED TUBING UNCONV","C211110301","2221"
"HQ Dubai","NPS Energy Holding WLL","FILTRATION          ","C211120101","2221"
"HQ Dubai","NPS Energy Holding WLL","HYDRAULIC FRACTURING","C211130101","2221"
"HQ Dubai","NPS Energy Holding WLL","HYDRAULIC FRAC UNCON","C211130301","2221"
"HQ Dubai","NPS Energy Holding WLL","PIPELINES           ","C211140101","2221"
"HQ Dubai","NPS Energy Holding WLL","GROSS LEAK TEST -GLT","C211140401","2221"
"HQ Dubai","NPS Energy Holding WLL","HYDRO TESTING       ","C211140501","2221"
"HQ Dubai","NPS Energy Holding WLL","COMMIS LEAK TEST-CLT","C211140601","2221"
"HQ Dubai","NPS Energy Holding WLL","NITROGEN PURGE      ","C211140701","2221"
"HQ Dubai","NPS Energy Holding WLL","NITROGEN            ","C211150101","2221"
"HQ Dubai","NPS Energy Holding WLL","PROD & SPECIAL CHEM ","C211160101","2221"
"HQ Dubai","NPS Energy Holding WLL","STIMULATION         ","C211170101","2221"
"HQ Dubai","NPS Energy Holding WLL","STIMULATION UNCONVEN","C211170301","2221"
"HQ Dubai","NPS Energy Holding WLL","ARTIFICIAL LIFT SERV","C211180101","2221"
"HQ Dubai","NPS Energy Holding WLL","COMPLETIONS         ","C211190101","2221"
"HQ Dubai","NPS Energy Holding WLL","ENGINEERING & CONSUL","C211200101","2221"
"HQ Dubai","NPS Energy Holding WLL","IPM - GENERAL       ","C211210101","2221"
"HQ Dubai","NPS Energy Holding WLL","SURFACE TESTING     ","C212300101","2221"
"HQ Dubai","NPS Energy Holding WLL","MP FLOW METER       ","C212300201","2221"
"HQ Dubai","NPS Energy Holding WLL","WELL TESTING UNCONVE","C212300301","2221"
"HQ Dubai","NPS Energy Holding WLL","WELL TEST-LSTK SITES","C212300401","2221"
"HQ Dubai","NPS Energy Holding WLL","WL LOG - OPEN HOLE  ","C212310101","2221"
"HQ Dubai","NPS Energy Holding WLL","WL LOG-CASED HOLE   ","C212310201","2221"
"HQ Dubai","NPS Energy Holding WLL","WL LOG UNCONVENTION ","C212310301","2221"
"HQ Dubai","NPS Energy Holding WLL","WL LOG - TCP        ","C212310401","2221"
"HQ Dubai","NPS Energy Holding WLL","WL LOG - RS         ","C212310501","2221"
"HQ Dubai","NPS Energy Holding WLL","SLICKLINE           ","C212320101","2221"
"HQ Dubai","NPS Energy Holding WLL","SLICKLINE UNCN-OUTOS","C212320301","2221"
"HQ Dubai","NPS Energy Holding WLL","DIRECTIONAL DRILLING","C213410101","2221"
"HQ Dubai","NPS Energy Holding WLL","NESR R&D – DD       ","C213410102","2221"
"HQ Dubai","NPS Energy Holding WLL","CORING SERVICES     ","C213410501","2221"
"HQ Dubai","NPS Energy Holding WLL"," KBOS               ","C213410701","2221"
"HQ Dubai","NPS Energy Holding WLL","TUBULAR RUNNING SERV","C213420101","2221"
"HQ Dubai","NPS Energy Holding WLL","DOWN HOLE TOOLS     ","C213430101","2221"
"HQ Dubai","NPS Energy Holding WLL","DRILLING FLUIDS     ","C213440101","2221"
"HQ Dubai","NPS Energy Holding WLL","FISHING SERVICES    ","C213450101","2221"
"HQ Dubai","NPS Energy Holding WLL","MACHINE SHOP        ","C213460101","2221"
"HQ Dubai","NPS Energy Holding WLL","MANAGED PRESSURE DRI","C213470101","2221"
"HQ Dubai","NPS Energy Holding WLL","MANUFACTURING       ","C213480101","2221"
"HQ Dubai","NPS Energy Holding WLL","RIGS                ","C213490101","2221"
"HQ Dubai","NPS Energy Holding WLL","THROUGH TUBING      ","C213500101","2221"
"HQ Dubai","NPS Energy Holding WLL","OTHER WELL HEADS    ","C213510201","2221"
"HQ Dubai","NPS Energy Holding WLL","WATER & PROD ASSURAN","C214600101","2221"
"HQ Dubai","NPS Energy Holding WLL","EMISSIONS CONTROL   ","C214610101","2221"
"HQ Dubai","NPS Energy Holding WLL","FLARE CAPTURE       ","C214620101","2221"
"HQ Dubai","NPS Energy Holding WLL","HEAT AND GEOTHERMAL ","C214630101","2221"
"HQ Dubai","NPS Energy Holding WLL","MAINTENAN & WORKSHOP","C217700001","2221"
"HQ Dubai","NPS Energy Holding WLL","QHSE                ","C217700002","2221"
"HQ Dubai","NPS Energy Holding WLL","TRANSPORTATION      ","C217700003","2221"
"HQ Dubai","NPS Energy Holding WLL","FACILITY            ","C217700004","2221"
"HQ Dubai","NPS Energy Holding WLL","TECHNICAL MANAGEMENT","C217700005","2221"
"HQ Dubai","NPS Energy Holding WLL","LAB CTU & CMT       ","C217700006","2221"
"HQ Dubai","NPS Energy Holding WLL","WAREHOUSE           ","C217700007","2221"
"HQ Dubai","NPS Energy Holding WLL","LOGISTICS           ","C217700008","2221"
"HQ Dubai","NPS Energy Holding WLL","SUPPLY CHAIN        ","C218800001","2221"
"HQ Dubai","NPS Energy Holding WLL","FINANCE             ","C218800002","2221"
"HQ Dubai","NPS Energy Holding WLL","OFFICE FACILITY     ","C218800003","2221"
"HQ Dubai","NPS Energy Holding WLL","ADMIN GOVT & SECURIT","C218800004","2221"
"HQ Dubai","NPS Energy Holding WLL","BUSINESS DEVELOPMENT","C218800005","2221"
"HQ Dubai","NPS Energy Holding WLL","IT                  ","C218800006","2221"
"HQ Dubai","NPS Energy Holding WLL","HUMAN RESOURCES     ","C218800007","2221"
"HQ Dubai","NPS Energy Holding WLL","INTERNS             ","C218800008","2221"
"HQ Dubai","NPS Energy Holding WLL","MANAGEMENT          ","C218800009","2221"
"HQ Dubai","NPS Energy Holding WLL","LEGAL               ","C218800010","2221"
"HQ Dubai","NPS Energy Holding WLL","KSA HQ OVERHEAD     ","C219960001","2221"
"HQ Dubai","NPS Energy Holding WLL","EGYPT HQ OVERHEAD   ","C219960002","2221"
"HQ Dubai","NPS Energy Holding WLL","OMAN HQ OVERHEAD    ","C219960003","2221"
"HQ Dubai","NPS Energy Holding WLL","ALGERIA HQ OVERHEAD ","C219960004","2221"
"HQ Dubai","NPS Energy Holding WLL","UAE HQ OVERHEAD     ","C219960005","2221"
"HQ Dubai","NPS Energy Holding WLL","QATAR HQ OVERHEAD   ","C219960006","2221"
"HQ Dubai","NPS Energy Holding WLL","IRAQ HQ OVERHEAD    ","C219960007","2221"
"HQ Dubai","NPS Energy Holding WLL","INDIA HQ OVERHEAD   ","C219960008","2221"
"HQ Dubai","NPS Energy Holding WLL","LIBYA HQ OVERHEAD   ","C219960009","2221"
"HQ Dubai","NPS Energy Holding WLL","INDONESIA HQ OVERH. ","C219960010","2221"
"HQ Dubai","NPS Energy Holding WLL","KUWAIT HQ OVERHEAD  ","C219960011","2221"
"HQ Dubai","NPS Energy Holding WLL","SSA HQ OVERHEAD     ","C219960012","2221"
"HQ Dubai","NPS Energy Holding WLL","YEMEN HQ OVERHEAD   ","C219960013","2221"
"HQ Dubai","NPS Energy Holding WLL","JORDAN HQ OVERHEAD  ","C219960014","2221"
"HQ Dubai","NPS Energy Holding WLL","ELIMINATIONS        ","C219999999","2221"
"HQ Dubai","NESR WLL","TECHNICAL MANAGEMENT","C227700005","2222"
"HQ Dubai","NESR WLL","SUPPLY CHAIN        ","C228800001","2222"
"HQ Dubai","NESR WLL","FINANCE             ","C228800002","2222"
"HQ Dubai","NESR WLL","OFFICE FACILITY     ","C228800003","2222"
"HQ Dubai","NESR WLL","ADMIN GOVT & SECURIT","C228800004","2222"
"HQ Dubai","NESR WLL","BUSINESS DEVELOPMENT","C228800005","2222"
"HQ Dubai","NESR WLL","IT                  ","C228800006","2222"
"HQ Dubai","NESR WLL","HUMAN RESOURCES     ","C228800007","2222"
"HQ Dubai","NESR WLL","INTERNS             ","C228800008","2222"
"HQ Dubai","NESR WLL","MANAGEMENT          ","C228800009","2222"
"HQ Dubai","NESR WLL","LEGAL               ","C228800010","2222"
"HQ Dubai","NESR WLL","ELIMINATIONS        ","C229999999","2222"
"Jordon","NPS Jordan","CEMENTING           ","C251100101","2925"
"Jordon","NPS Jordan","BITS                ","C253400101","2925"
"Jordon","NPS Jordan","MUD LOGGING         ","C253410601","2925"
"Jordon","NPS Jordan","DRILLING FLUIDS     ","C253440101","2925"
"Jordon","NPS Jordan","MAINTENAN & WORKSHOP","C257700001","2925"
"Jordon","NPS Jordan","QHSE                ","C257700002","2925"
"Jordon","NPS Jordan","TRANSPORTATION      ","C257700003","2925"
"Jordon","NPS Jordan","FACILITY            ","C257700004","2925"
"Jordon","NPS Jordan","TECHNICAL MANAGEMENT","C257700005","2925"
"Jordon","NPS Jordan","LAB CTU & CMT       ","C257700006","2925"
"Jordon","NPS Jordan","WAREHOUSE           ","C257700007","2925"
"Jordon","NPS Jordan","LOGISTICS           ","C257700008","2925"
"Jordon","NPS Jordan","SUPPLY CHAIN        ","C258800001","2925"
"Jordon","NPS Jordan","FINANCE             ","C258800002","2925"
"Jordon","NPS Jordan","OFFICE FACILITY     ","C258800003","2925"
"Jordon","NPS Jordan","ADMIN GOVT & SECURIT","C258800004","2925"
"Jordon","NPS Jordan","BUSINESS DEVELOPMENT","C258800005","2925"
"Jordon","NPS Jordan","IT                  ","C258800006","2925"
"Jordon","NPS Jordan","HUMAN RESOURCES     ","C258800007","2925"
"Jordon","NPS Jordan","INTERNS             ","C258800008","2925"
"Jordon","NPS Jordan","MANAGEMENT          ","C258800009","2925"
"Jordon","NPS Jordan","LEGAL               ","C258800010","2925"
"Jordon","NPS Jordan","JORDAN HQ OVERHEAD  ","C259960001","2925"
"Jordon","NPS Jordan","ELIMINATIONS        ","C259999999","2925"
"KSA","National Petroleum Technology Company Limited KSA","CEMENTING           ","C301100101","2330"
"KSA","National Petroleum Technology Company Limited KSA","OVERHEAD CEMENTING  ","C301109901","2330"
"KSA","National Petroleum Technology Company Limited KSA","COILED TUBING       ","C301110101","2330"
"KSA","National Petroleum Technology Company Limited KSA","COILED TUBING UNCONV","C301110301","2330"
"KSA","National Petroleum Technology Company Limited KSA","OVERHEAD CTU        ","C301119901","2330"
"KSA","National Petroleum Technology Company Limited KSA","FILTRATION          ","C301120101","2330"
"KSA","National Petroleum Technology Company Limited KSA","OVERHEAD FILTRATION ","C301129901","2330"
"KSA","National Petroleum Technology Company Limited KSA","HYDRAULIC FRACTURING","C301130101","2330"
"KSA","National Petroleum Technology Company Limited KSA","HYDRAULIC FRAC UNCON","C301130301","2330"
"KSA","National Petroleum Technology Company Limited KSA","OVERHEAD FRAC       ","C301139901","2330"
"KSA","National Petroleum Technology Company Limited KSA","PIPELINES           ","C301140101","2330"
"KSA","National Petroleum Technology Company Limited KSA","OVERHEAD PIS        ","C301149901","2330"
"KSA","National Petroleum Technology Company Limited KSA","NITROGEN            ","C301150101","2330"
"KSA","National Petroleum Technology Company Limited KSA","STIMULATION         ","C301170101","2330"
"KSA","National Petroleum Technology Company Limited KSA","STIMULATION UNCONVEN","C301170301","2330"
"KSA","National Petroleum Technology Company Limited KSA","OVERHEAD STIM       ","C301179901","2330"
"KSA","National Petroleum Technology Company Limited KSA","SURFACE TESTING     ","C302300101","2330"
"KSA","National Petroleum Technology Company Limited KSA","MP FLOW METER       ","C302300201","2330"
"KSA","National Petroleum Technology Company Limited KSA","WELL TESTING UNCONVE","C302300301","2330"
"KSA","National Petroleum Technology Company Limited KSA","WELL TEST-LSTK SITES","C302300401","2330"
"KSA","National Petroleum Technology Company Limited KSA","OVERHEAD WTS        ","C302309901","2330"
"KSA","National Petroleum Technology Company Limited KSA","WL LOG - OPEN HOLE  ","C302310101","2330"
"KSA","National Petroleum Technology Company Limited KSA","WL LOG-CASED HOLE   ","C302310201","2330"
"KSA","National Petroleum Technology Company Limited KSA","WL LOG UNCONVENTION ","C302310301","2330"
"KSA","National Petroleum Technology Company Limited KSA","WL LOG - TCP        ","C302310401","2330"
"KSA","National Petroleum Technology Company Limited KSA","WL LOG - RS         ","C302310501","2330"
"KSA","National Petroleum Technology Company Limited KSA","OVERHEAD LOGGING    ","C302319901","2330"
"KSA","National Petroleum Technology Company Limited KSA","SLICKLINE           ","C302320101","2330"
"KSA","National Petroleum Technology Company Limited KSA","SLICKLINE UNCN-OUTOS","C302320301","2330"
"KSA","National Petroleum Technology Company Limited KSA","OVERHEAD SLICK LINE ","C302329901","2330"
"KSA","National Petroleum Technology Company Limited KSA","BITS                ","C303400101","2330"
"KSA","National Petroleum Technology Company Limited KSA","OVERHEAD BITS       ","C303409901","2330"
"KSA","National Petroleum Technology Company Limited KSA","DIRECTIONAL DRILLING","C303410101","2330"
"KSA","National Petroleum Technology Company Limited KSA","MEASUREMENT WHILE DR","C303410201","2330"
"KSA","National Petroleum Technology Company Limited KSA","LOGG. WHILE DRILLING","C303410301","2330"
"KSA","National Petroleum Technology Company Limited KSA"," KBOS               ","C303410701","2330"
"KSA","National Petroleum Technology Company Limited KSA","ROTARY STEERABLE SYS","C303410801","2330"
"KSA","National Petroleum Technology Company Limited KSA","OVERHEAD DRILLING   ","C303419901","2330"
"KSA","National Petroleum Technology Company Limited KSA","TUBULAR RUNNING SERV","C303420101","2330"
"KSA","National Petroleum Technology Company Limited KSA","OVERHEAD TRS        ","C303429901","2330"
"KSA","National Petroleum Technology Company Limited KSA","DOWN HOLE TOOLS     ","C303430101","2330"
"KSA","National Petroleum Technology Company Limited KSA","OVERHEAD DS         ","C303439901","2330"
"KSA","National Petroleum Technology Company Limited KSA","DRILLING FLUIDS     ","C303440101","2330"
"KSA","National Petroleum Technology Company Limited KSA","OVERHEAD FLUIDS     ","C303449901","2330"
"KSA","National Petroleum Technology Company Limited KSA","FISHING SERVICES    ","C303450101","2330"
"KSA","National Petroleum Technology Company Limited KSA","OVERHEAD FISHING    ","C303459901","2330"
"KSA","National Petroleum Technology Company Limited KSA","MACHINE SHOP        ","C303460101","2330"
"KSA","National Petroleum Technology Company Limited KSA","OVERHEAD MACHINSHOP ","C303469901","2330"
"KSA","National Petroleum Technology Company Limited KSA","RIGS                ","C303490101","2330"
"KSA","National Petroleum Technology Company Limited KSA","THROUGH TUBING      ","C303500101","2330"
"KSA","National Petroleum Technology Company Limited KSA","DRILLING UNCONVENT. ","C303500301","2330"
"KSA","National Petroleum Technology Company Limited KSA","OVERHEAD THT        ","C303509901","2330"
"KSA","National Petroleum Technology Company Limited KSA","OTHER WELL HEADS    ","C303510201","2330"
"KSA","National Petroleum Technology Company Limited KSA","WATER & PROD ASSURAN","C304600101","2330"
"KSA","National Petroleum Technology Company Limited KSA","OVERHEAD ESG COST   ","C304609901","2330"
"KSA","National Petroleum Technology Company Limited KSA","EMISSIONS CONTROL   ","C304610101","2330"
"KSA","National Petroleum Technology Company Limited KSA","FLARE CAPTURE       ","C304620101","2330"
"KSA","National Petroleum Technology Company Limited KSA","HEAT AND GEOTHERMAL ","C304630101","2330"
"KSA","National Petroleum Technology Company Limited KSA","MAINTENAN & WORKSHOP","C307700001","2330"
"KSA","National Petroleum Technology Company Limited KSA","QHSE                ","C307700002","2330"
"KSA","National Petroleum Technology Company Limited KSA","TRANSPORTATION      ","C307700003","2330"
"KSA","National Petroleum Technology Company Limited KSA","FACILITY            ","C307700004","2330"
"KSA","National Petroleum Technology Company Limited KSA","TECHNICAL MANAGEMENT","C307700005","2330"
"KSA","National Petroleum Technology Company Limited KSA","LAB CTU & CMT       ","C307700006","2330"
"KSA","National Petroleum Technology Company Limited KSA","WAREHOUSE           ","C307700007","2330"
"KSA","National Petroleum Technology Company Limited KSA","LOGISTICS           ","C307700008","2330"
"KSA","National Petroleum Technology Company Limited KSA","NORI – BUILDING     ","C307700009","2330"
"KSA","National Petroleum Technology Company Limited KSA","NORI – LAB          ","C307700010","2330"
"KSA","National Petroleum Technology Company Limited KSA","FACILITY - SPARK    ","C307700011","2330"
"KSA","National Petroleum Technology Company Limited KSA","OVERHEAD MAINT&WORKS","C307709901","2330"
"KSA","National Petroleum Technology Company Limited KSA","OVERHEAD QHSE       ","C307709902","2330"
"KSA","National Petroleum Technology Company Limited KSA","OVERHEAD TRANSPORT  ","C307709903","2330"
"KSA","National Petroleum Technology Company Limited KSA","OVERHEAD FACILITY   ","C307709904","2330"
"KSA","National Petroleum Technology Company Limited KSA","OVERHEAD TECH. MANAG","C307709905","2330"
"KSA","National Petroleum Technology Company Limited KSA","OVERHEAD LAB CTU&CMT","C307709906","2330"
"KSA","National Petroleum Technology Company Limited KSA","OVERHEAD WAREHOUSE  ","C307709907","2330"
"KSA","National Petroleum Technology Company Limited KSA","OVERHEAD LOGISTICS  ","C307709908","2330"
"KSA","National Petroleum Technology Company Limited KSA","SUPPLY CHAIN        ","C308800001","2330"
"KSA","National Petroleum Technology Company Limited KSA","FINANCE             ","C308800002","2330"
"KSA","National Petroleum Technology Company Limited KSA","OFFICE FACILITY     ","C308800003","2330"
"KSA","National Petroleum Technology Company Limited KSA","ADMIN GOVT & SECURIT","C308800004","2330"
"KSA","National Petroleum Technology Company Limited KSA","BUSINESS DEVELOPMENT","C308800005","2330"
"KSA","National Petroleum Technology Company Limited KSA","IT                  ","C308800006","2330"
"KSA","National Petroleum Technology Company Limited KSA","HUMAN RESOURCES     ","C308800007","2330"
"KSA","National Petroleum Technology Company Limited KSA","INTERNS             ","C308800008","2330"
"KSA","National Petroleum Technology Company Limited KSA","MANAGEMENT          ","C308800009","2330"
"KSA","National Petroleum Technology Company Limited KSA","LEGAL               ","C308800010","2330"
"KSA","National Petroleum Technology Company Limited KSA","OVERHEAD SUPPL CHAIN","C308809901","2330"
"KSA","National Petroleum Technology Company Limited KSA","OVERHEAD FINANCE    ","C308809902","2330"
"KSA","National Petroleum Technology Company Limited KSA","OVERHEAD OFFICE FACI","C308809903","2330"
"KSA","National Petroleum Technology Company Limited KSA","OVERHEAD ADMIN GOVT ","C308809904","2330"
"KSA","National Petroleum Technology Company Limited KSA","OVERHEAD MARKETING  ","C308809905","2330"
"KSA","National Petroleum Technology Company Limited KSA","OVERHEAD IT         ","C308809906","2330"
"KSA","National Petroleum Technology Company Limited KSA","OVERHEAD HUMAN RESOU","C308809907","2330"
"KSA","National Petroleum Technology Company Limited KSA","OVERHEAD INTERNS    ","C308809908","2330"
"KSA","National Petroleum Technology Company Limited KSA","OVERHEAD MANAGEMENT ","C308809909","2330"
"KSA","National Petroleum Technology Company Limited KSA","OVERHEAD LEGAL      ","C308809910","2330"
"KSA","National Petroleum Technology Company Limited KSA","KSA - HUB TRAINING  ","C308891001","2330"
"KSA","National Petroleum Technology Company Limited KSA","KSA HQ OVERHEAD     ","C309960001","2330"
"KSA","National Petroleum Technology Company Limited KSA","EGYPT HQ OVERHEAD   ","C309960002","2330"
"KSA","National Petroleum Technology Company Limited KSA","OMAN HQ OVERHEAD    ","C309960003","2330"
"KSA","National Petroleum Technology Company Limited KSA","ALGERIA HQ OVERHEAD ","C309960004","2330"
"KSA","National Petroleum Technology Company Limited KSA","UAE HQ OVERHEAD     ","C309960005","2330"
"KSA","National Petroleum Technology Company Limited KSA","QATAR HQ OVERHEAD   ","C309960006","2330"
"KSA","National Petroleum Technology Company Limited KSA","IRAQ HQ OVERHEAD    ","C309960007","2330"
"KSA","National Petroleum Technology Company Limited KSA","INDIA HQ OVERHEAD   ","C309960008","2330"
"KSA","National Petroleum Technology Company Limited KSA","LIBYA HQ OVERHEAD   ","C309960009","2330"
"KSA","National Petroleum Technology Company Limited KSA","INDONESIA HQ OVERH. ","C309960010","2330"
"KSA","National Petroleum Technology Company Limited KSA","KUWAIT HQ OVERHEAD  ","C309960011","2330"
"KSA","National Petroleum Technology Company Limited KSA","SSA HQ OVERHEAD     ","C309960012","2330"
"KSA","National Petroleum Technology Company Limited KSA","YEMEN HQ OVERHEAD   ","C309960013","2330"
"KSA","National Petroleum Technology Company Limited KSA","JORDAN HQ OVERHEAD  ","C309960014","2330"
"KSA","National Petroleum Technology Company Limited KSA","KSA HQ OVERHEAD     ","C309960015","2330"
"KSA","National Petroleum Technology Company Limited KSA","ELIMINATIONS        ","C309999901","2330"
"KSA","National Petroleum Technology Company Limited KSA","ELIMINATIONS        ","C309999999","2330"
"KSA","National Drilling Company KSA","CEMENTING           ","C311100101","2331"
"KSA","National Drilling Company KSA","HYDRAULIC FRACTURING","C311130101","2331"
"KSA","National Drilling Company KSA","HYDRAULIC FRAC UNCON","C311130301","2331"
"KSA","National Drilling Company KSA","STIMULATION         ","C311170101","2331"
"KSA","National Drilling Company KSA","SURFACE TESTING     ","C312300101","2331"
"KSA","National Drilling Company KSA","WELL TESTING UNCONVE","C312300301","2331"
"KSA","National Drilling Company KSA","WL LOG-CASED HOLE   ","C312310201","2331"
"KSA","National Drilling Company KSA","BITS                ","C313400101","2331"
"KSA","National Drilling Company KSA","DIRECTIONAL DRILLING","C313410101","2331"
"KSA","National Drilling Company KSA","MEASUREMENT WHILE DR","C313410201","2331"
"KSA","National Drilling Company KSA","RIGS                ","C313490101","2331"
"KSA","National Drilling Company KSA","WATER & PROD ASSURAN","C314600101","2331"
"KSA","National Drilling Company KSA","EMISSIONS CONTROL   ","C314610101","2331"
"KSA","National Drilling Company KSA","FLARE CAPTURE       ","C314620101","2331"
"KSA","National Drilling Company KSA","HEAT AND GEOTHERMAL ","C314630101","2331"
"KSA","National Drilling Company KSA","MAINTENAN & WORKSHOP","C317700001","2331"
"KSA","National Drilling Company KSA","QHSE                ","C317700002","2331"
"KSA","National Drilling Company KSA","TRANSPORTATION      ","C317700003","2331"
"KSA","National Drilling Company KSA","FACILITY            ","C317700004","2331"
"KSA","National Drilling Company KSA","TECHNICAL MANAGEMENT","C317700005","2331"
"KSA","National Drilling Company KSA","LAB CTU & CMT       ","C317700006","2331"
"KSA","National Drilling Company KSA","WAREHOUSE           ","C317700007","2331"
"KSA","National Drilling Company KSA","LOGISTICS           ","C317700008","2331"
"KSA","National Drilling Company KSA","SUPPLY CHAIN        ","C318800001","2331"
"KSA","National Drilling Company KSA","FINANCE             ","C318800002","2331"
"KSA","National Drilling Company KSA","OFFICE FACILITY     ","C318800003","2331"
"KSA","National Drilling Company KSA","ADMIN GOVT & SECURIT","C318800004","2331"
"KSA","National Drilling Company KSA","BUSINESS DEVELOPMENT","C318800005","2331"
"KSA","National Drilling Company KSA","IT                  ","C318800006","2331"
"KSA","National Drilling Company KSA","HUMAN RESOURCES     ","C318800007","2331"
"KSA","National Drilling Company KSA","INTERNS             ","C318800008","2331"
"KSA","National Drilling Company KSA","MANAGEMENT          ","C318800009","2331"
"KSA","National Drilling Company KSA","LEGAL               ","C318800010","2331"
"KSA","National Drilling Company KSA","OVERHEAD FINANCE    ","C318809902","2331"
"KSA","National Drilling Company KSA","KSA HQ OVERHEAD     ","C319960001","2331"
"KSA","National Drilling Company KSA","EGYPT HQ OVERHEAD   ","C319960002","2331"
"KSA","National Drilling Company KSA","OMAN HQ OVERHEAD    ","C319960003","2331"
"KSA","National Drilling Company KSA","ALGERIA HQ OVERHEAD ","C319960004","2331"
"KSA","National Drilling Company KSA","UAE HQ OVERHEAD     ","C319960005","2331"
"KSA","National Drilling Company KSA","QATAR HQ OVERHEAD   ","C319960006","2331"
"KSA","National Drilling Company KSA","IRAQ HQ OVERHEAD    ","C319960007","2331"
"KSA","National Drilling Company KSA","INDIA HQ OVERHEAD   ","C319960008","2331"
"KSA","National Drilling Company KSA","LIBYA HQ OVERHEAD   ","C319960009","2331"
"KSA","National Drilling Company KSA","INDONESIA HQ OVERH. ","C319960010","2331"
"KSA","National Drilling Company KSA","KUWAIT HQ OVERHEAD  ","C319960011","2331"
"KSA","National Drilling Company KSA","SSA HQ OVERHEAD     ","C319960012","2331"
"KSA","National Drilling Company KSA","YEMEN HQ OVERHEAD   ","C319960013","2331"
"KSA","National Drilling Company KSA","JORDAN HQ OVERHEAD  ","C319960014","2331"
"KSA","National Drilling Company KSA","KSA HQ OVERHEAD     ","C319960015","2331"
"KSA","National Drilling Company KSA","ELIMINATIONS        ","C319999999","2331"
"KSA","NPS Bahrain for Oil and Gas Well Services WLL-BH Operation","CEMENTING           ","C321100101","2332"
"KSA","NPS Bahrain for Oil and Gas Well Services WLL-BH Operation","HYDRAULIC FRACTURING","C321130101","2332"
"KSA","NPS Bahrain for Oil and Gas Well Services WLL-BH Operation","STIMULATION         ","C321170101","2332"
"KSA","NPS Bahrain for Oil and Gas Well Services WLL-BH Operation","BITS                ","C323400101","2332"
"KSA","NPS Bahrain for Oil and Gas Well Services WLL-BH Operation","DIRECTIONAL DRILLING","C323410101","2332"
"KSA","NPS Bahrain for Oil and Gas Well Services WLL-BH Operation","WATER & PROD ASSURAN","C324600101","2332"
"KSA","NPS Bahrain for Oil and Gas Well Services WLL-BH Operation","EMISSIONS CONTROL   ","C324610101","2332"
"KSA","NPS Bahrain for Oil and Gas Well Services WLL-BH Operation","FLARE CAPTURE       ","C324620101","2332"
"KSA","NPS Bahrain for Oil and Gas Well Services WLL-BH Operation","HEAT AND GEOTHERMAL ","C324630101","2332"
"KSA","NPS Bahrain for Oil and Gas Well Services WLL-BH Operation","MAINTENAN & WORKSHOP","C327700001","2332"
"KSA","NPS Bahrain for Oil and Gas Well Services WLL-BH Operation","QHSE                ","C327700002","2332"
"KSA","NPS Bahrain for Oil and Gas Well Services WLL-BH Operation","TRANSPORTATION      ","C327700003","2332"
"KSA","NPS Bahrain for Oil and Gas Well Services WLL-BH Operation","FACILITY            ","C327700004","2332"
"KSA","NPS Bahrain for Oil and Gas Well Services WLL-BH Operation","TECHNICAL MANAGEMENT","C327700005","2332"
"KSA","NPS Bahrain for Oil and Gas Well Services WLL-BH Operation","LAB CTU & CMT       ","C327700006","2332"
"KSA","NPS Bahrain for Oil and Gas Well Services WLL-BH Operation","WAREHOUSE           ","C327700007","2332"
"KSA","NPS Bahrain for Oil and Gas Well Services WLL-BH Operation","LOGISTICS           ","C327700008","2332"
"KSA","NPS Bahrain for Oil and Gas Well Services WLL-BH Operation","SUPPLY CHAIN        ","C328800001","2332"
"KSA","NPS Bahrain for Oil and Gas Well Services WLL-BH Operation","FINANCE             ","C328800002","2332"
"KSA","NPS Bahrain for Oil and Gas Well Services WLL-BH Operation","OFFICE FACILITY     ","C328800003","2332"
"KSA","NPS Bahrain for Oil and Gas Well Services WLL-BH Operation","ADMIN GOVT & SECURIT","C328800004","2332"
"KSA","NPS Bahrain for Oil and Gas Well Services WLL-BH Operation","BUSINESS DEVELOPMENT","C328800005","2332"
"KSA","NPS Bahrain for Oil and Gas Well Services WLL-BH Operation","IT                  ","C328800006","2332"
"KSA","NPS Bahrain for Oil and Gas Well Services WLL-BH Operation","HUMAN RESOURCES     ","C328800007","2332"
"KSA","NPS Bahrain for Oil and Gas Well Services WLL-BH Operation","INTERNS             ","C328800008","2332"
"KSA","NPS Bahrain for Oil and Gas Well Services WLL-BH Operation","MANAGEMENT          ","C328800009","2332"
"KSA","NPS Bahrain for Oil and Gas Well Services WLL-BH Operation","LEGAL               ","C328800010","2332"
"KSA","NPS Bahrain for Oil and Gas Well Services WLL-BH Operation","KSA HQ OVERHEAD     ","C329960001","2332"
"KSA","NPS Bahrain for Oil and Gas Well Services WLL-BH Operation","ELIMINATIONS        ","C329999999","2332"
"KSA","SAPESCO Arabia for Petroleum Service","COILED TUBING       ","C331110101","2333"
"KSA","SAPESCO Arabia for Petroleum Service","COILED TUBING DHT   ","C331110201","2333"
"KSA","SAPESCO Arabia for Petroleum Service","PIPELINES           ","C331140101","2333"
"KSA","SAPESCO Arabia for Petroleum Service","NITROGEN PURGE      ","C331140701","2333"
"KSA","SAPESCO Arabia for Petroleum Service","NITROGEN            ","C331150101","2333"
"KSA","SAPESCO Arabia for Petroleum Service","STIMULATION         ","C331170101","2333"
"KSA","SAPESCO Arabia for Petroleum Service","SURFACE TESTING     ","C332300101","2333"
"KSA","SAPESCO Arabia for Petroleum Service","WL LOG-CASED HOLE   ","C332310201","2333"
"KSA","SAPESCO Arabia for Petroleum Service","SLICKLINE           ","C332320101","2333"
"KSA","SAPESCO Arabia for Petroleum Service","CORING SERVICES     ","C333410501","2333"
"KSA","SAPESCO Arabia for Petroleum Service","TUBULAR RUNNING SERV","C333420101","2333"
"KSA","SAPESCO Arabia for Petroleum Service","DOWN HOLE TOOLS     ","C333430101","2333"
"KSA","SAPESCO Arabia for Petroleum Service","WATER & PROD ASSURAN","C334600101","2333"
"KSA","SAPESCO Arabia for Petroleum Service","EMISSIONS CONTROL   ","C334610101","2333"
"KSA","SAPESCO Arabia for Petroleum Service","FLARE CAPTURE       ","C334620101","2333"
"KSA","SAPESCO Arabia for Petroleum Service","HEAT AND GEOTHERMAL ","C334630101","2333"
"KSA","SAPESCO Arabia for Petroleum Service","MAINTENAN & WORKSHOP","C337700001","2333"
"KSA","SAPESCO Arabia for Petroleum Service","QHSE                ","C337700002","2333"
"KSA","SAPESCO Arabia for Petroleum Service","TRANSPORTATION      ","C337700003","2333"
"KSA","SAPESCO Arabia for Petroleum Service","FACILITY            ","C337700004","2333"
"KSA","SAPESCO Arabia for Petroleum Service","TECHNICAL MANAGEMENT","C337700005","2333"
"KSA","SAPESCO Arabia for Petroleum Service","LAB CTU & CMT       ","C337700006","2333"
"KSA","SAPESCO Arabia for Petroleum Service","WAREHOUSE           ","C337700007","2333"
"KSA","SAPESCO Arabia for Petroleum Service","LOGISTICS           ","C337700008","2333"
"KSA","SAPESCO Arabia for Petroleum Service","SUPPLY CHAIN        ","C338800001","2333"
"KSA","SAPESCO Arabia for Petroleum Service","FINANCE             ","C338800002","2333"
"KSA","SAPESCO Arabia for Petroleum Service","OFFICE FACILITY     ","C338800003","2333"
"KSA","SAPESCO Arabia for Petroleum Service","ADMIN GOVT & SECURIT","C338800004","2333"
"KSA","SAPESCO Arabia for Petroleum Service","BUSINESS DEVELOPMENT","C338800005","2333"
"KSA","SAPESCO Arabia for Petroleum Service","IT                  ","C338800006","2333"
"KSA","SAPESCO Arabia for Petroleum Service","HUMAN RESOURCES     ","C338800007","2333"
"KSA","SAPESCO Arabia for Petroleum Service","INTERNS             ","C338800008","2333"
"KSA","SAPESCO Arabia for Petroleum Service","MANAGEMENT          ","C338800009","2333"
"KSA","SAPESCO Arabia for Petroleum Service","LEGAL               ","C338800010","2333"
"KSA","SAPESCO Arabia for Petroleum Service","KSA HQ OVERHEAD     ","C339960001","2333"
"KSA","SAPESCO Arabia for Petroleum Service","ELIMINATIONS        ","C339999999","2333"
"KSA","Gulf Energy Services LLC KSA","HYDRAULIC FRACTURING","C341130101","2334"
"KSA","Gulf Energy Services LLC KSA","BITS                ","C343400101","2334"
"KSA","Gulf Energy Services LLC KSA","DIRECTIONAL DRILLING","C343410101","2334"
"KSA","Gulf Energy Services LLC KSA","MEASUREMENT WHILE DR","C343410201","2334"
"KSA","Gulf Energy Services LLC KSA","TUBULAR RUNNING SERV","C343420101","2334"
"KSA","Gulf Energy Services LLC KSA","DOWN HOLE TOOLS     ","C343430101","2334"
"KSA","Gulf Energy Services LLC KSA","FISHING SERVICES    ","C343450101","2334"
"KSA","Gulf Energy Services LLC KSA","RIGS                ","C343490101","2334"
"KSA","Gulf Energy Services LLC KSA","THROUGH TUBING      ","C343500101","2334"
"KSA","Gulf Energy Services LLC KSA","WATER & PROD ASSURAN","C344600101","2334"
"KSA","Gulf Energy Services LLC KSA","EMISSIONS CONTROL   ","C344610101","2334"
"KSA","Gulf Energy Services LLC KSA","FLARE CAPTURE       ","C344620101","2334"
"KSA","Gulf Energy Services LLC KSA","HEAT AND GEOTHERMAL ","C344630101","2334"
"KSA","Gulf Energy Services LLC KSA","MAINTENAN & WORKSHOP","C347700001","2334"
"KSA","Gulf Energy Services LLC KSA","QHSE                ","C347700002","2334"
"KSA","Gulf Energy Services LLC KSA","TRANSPORTATION      ","C347700003","2334"
"KSA","Gulf Energy Services LLC KSA","FACILITY            ","C347700004","2334"
"KSA","Gulf Energy Services LLC KSA","TECHNICAL MANAGEMENT","C347700005","2334"
"KSA","Gulf Energy Services LLC KSA","LAB CTU & CMT       ","C347700006","2334"
"KSA","Gulf Energy Services LLC KSA","WAREHOUSE           ","C347700007","2334"
"KSA","Gulf Energy Services LLC KSA","LOGISTICS           ","C347700008","2334"
"KSA","Gulf Energy Services LLC KSA","SUPPLY CHAIN        ","C348800001","2334"
"KSA","Gulf Energy Services LLC KSA","FINANCE             ","C348800002","2334"
"KSA","Gulf Energy Services LLC KSA","OFFICE FACILITY     ","C348800003","2334"
"KSA","Gulf Energy Services LLC KSA","ADMIN GOVT & SECURIT","C348800004","2334"
"KSA","Gulf Energy Services LLC KSA","BUSINESS DEVELOPMENT","C348800005","2334"
"KSA","Gulf Energy Services LLC KSA","IT                  ","C348800006","2334"
"KSA","Gulf Energy Services LLC KSA","HUMAN RESOURCES     ","C348800007","2334"
"KSA","Gulf Energy Services LLC KSA","INTERNS             ","C348800008","2334"
"KSA","Gulf Energy Services LLC KSA","MANAGEMENT          ","C348800009","2334"
"KSA","Gulf Energy Services LLC KSA","LEGAL               ","C348800010","2334"
"KSA","Gulf Energy Services LLC KSA","KSA HQ OVERHEAD     ","C349960001","2334"
"KSA","Gulf Energy Services LLC KSA","ELIMINATIONS        ","C349999999","2334"
"Oman","Gulf Energy SAOC","CEMENTING           ","C401100101","2440"
"Oman","Gulf Energy SAOC","COILED TUBING       ","C401110101","2440"
"Oman","Gulf Energy SAOC","IPM - GENERAL       ","C401210101","2440"
"Oman","Gulf Energy SAOC","IPM-CEMENTING       ","C401210110","2440"
"Oman","Gulf Energy SAOC","IPM - COILED TUBING ","C401210111","2440"
"Oman","Gulf Energy SAOC","IPM-HYDRAUL FRACTUR.","C401210113","2440"
"Oman","Gulf Energy SAOC","IPM-STIMULATION&PUMP","C401210117","2440"
"Oman","Gulf Energy SAOC","IPM-ARTIFI LIFT SERV","C401210118","2440"
"Oman","Gulf Energy SAOC","IPM - COMPLETIONS   ","C401210119","2440"
"Oman","Gulf Energy SAOC","IPM - WELL TESTING  ","C401210130","2440"
"Oman","Gulf Energy SAOC","IPM-BITS            ","C401210140","2440"
"Oman","Gulf Energy SAOC","IPM-DIRECTI. DRILL. ","C401210141","2440"
"Oman","Gulf Energy SAOC","IPM-TUBULAR RUN SERV","C401210142","2440"
"Oman","Gulf Energy SAOC","IPM-DOWN HOLE TOOLS ","C401210143","2440"
"Oman","Gulf Energy SAOC","IPM-DRILLING FLUIDS ","C401210144","2440"
"Oman","Gulf Energy SAOC","IPM - FISHING       ","C401210145","2440"
"Oman","Gulf Energy SAOC","IPM-MACHINE SHOP    ","C401210146","2440"
"Oman","Gulf Energy SAOC","IPM-MANUFACTURING   ","C401210148","2440"
"Oman","Gulf Energy SAOC","IPM-RIGS            ","C401210149","2440"
"Oman","Gulf Energy SAOC","IPM - THROUGH TUBING","C401210150","2440"
"Oman","Gulf Energy SAOC","IPM - WELL HEADS    ","C401210151","2440"
"Oman","Gulf Energy SAOC","SURFACE TESTING     ","C402300101","2440"
"Oman","Gulf Energy SAOC","WL LOG-CASED HOLE   ","C402310201","2440"
"Oman","Gulf Energy SAOC","SLICKLINE           ","C402320101","2440"
"Oman","Gulf Energy SAOC","WELL HEAD MAINTENANC","C402320201","2440"
"Oman","Gulf Energy SAOC","SLICKLINE UNCN-OUTOS","C402320301","2440"
"Oman","Gulf Energy SAOC","OVERHEAD SLICK LINE ","C402329901","2440"
"Oman","Gulf Energy SAOC","DIRECTIONAL DRILLING","C403410101","2440"
"Oman","Gulf Energy SAOC","TUBULAR RUNNING SERV","C403420101","2440"
"Oman","Gulf Energy SAOC","DOWN HOLE TOOLS     ","C403430101","2440"
"Oman","Gulf Energy SAOC","OVERHEAD FLUIDS     ","C403449901","2440"
"Oman","Gulf Energy SAOC","FISHING SERVICES    ","C403450101","2440"
"Oman","Gulf Energy SAOC","MACHINE SHOP        ","C403460101","2440"
"Oman","Gulf Energy SAOC","MANUFACTURING       ","C403480101","2440"
"Oman","Gulf Energy SAOC","THROUGH TUBING      ","C403500101","2440"
"Oman","Gulf Energy SAOC","MAINTENAN & WORKSHOP","C407700001","2440"
"Oman","Gulf Energy SAOC","QHSE                ","C407700002","2440"
"Oman","Gulf Energy SAOC","TRANSPORTATION      ","C407700003","2440"
"Oman","Gulf Energy SAOC","FACILITY            ","C407700004","2440"
"Oman","Gulf Energy SAOC","TECHNICAL MANAGEMENT","C407700005","2440"
"Oman","Gulf Energy SAOC","LAB CTU & CMT       ","C407700006","2440"
"Oman","Gulf Energy SAOC","WAREHOUSE           ","C407700007","2440"
"Oman","Gulf Energy SAOC","LOGISTICS           ","C407700008","2440"
"Oman","Gulf Energy SAOC","OVERHEAD QHSE       ","C407709902","2440"
"Oman","Gulf Energy SAOC","SUPPLY CHAIN        ","C408800001","2440"
"Oman","Gulf Energy SAOC","FINANCE             ","C408800002","2440"
"Oman","Gulf Energy SAOC","OFFICE FACILITY     ","C408800003","2440"
"Oman","Gulf Energy SAOC","ADMIN GOVT & SECURIT","C408800004","2440"
"Oman","Gulf Energy SAOC","BUSINESS DEVELOPMENT","C408800005","2440"
"Oman","Gulf Energy SAOC","IT                  ","C408800006","2440"
"Oman","Gulf Energy SAOC","HUMAN RESOURCES     ","C408800007","2440"
"Oman","Gulf Energy SAOC","INTERNS             ","C408800008","2440"
"Oman","Gulf Energy SAOC","MANAGEMENT          ","C408800009","2440"
"Oman","Gulf Energy SAOC","LEGAL               ","C408800010","2440"
"Oman","Gulf Energy SAOC","OVERHEAD HUMAN RESOU","C408809907","2440"
"Oman","Gulf Energy SAOC","OVERHEAD MANAGEMENT ","C408809909","2440"
"Oman","Gulf Energy SAOC","OMAN HQ OVERHEAD    ","C409960001","2440"
"Oman","Gulf Energy SAOC","EGYPT HQ OVERHEAD   ","C409960002","2440"
"Oman","Gulf Energy SAOC","OMAN HQ OVERHEAD    ","C409960003","2440"
"Oman","Gulf Energy SAOC","ALGERIA HQ OVERHEAD ","C409960004","2440"
"Oman","Gulf Energy SAOC","UAE HQ OVERHEAD     ","C409960005","2440"
"Oman","Gulf Energy SAOC","QATAR HQ OVERHEAD   ","C409960006","2440"
"Oman","Gulf Energy SAOC","IRAQ HQ OVERHEAD    ","C409960007","2440"
"Oman","Gulf Energy SAOC","INDIA HQ OVERHEAD   ","C409960008","2440"
"Oman","Gulf Energy SAOC","LIBYA HQ OVERHEAD   ","C409960009","2440"
"Oman","Gulf Energy SAOC","INDONESIA HQ OVERH. ","C409960010","2440"
"Oman","Gulf Energy SAOC","KUWAIT HQ OVERHEAD  ","C409960011","2440"
"Oman","Gulf Energy SAOC","SSA HQ OVERHEAD     ","C409960012","2440"
"Oman","Gulf Energy SAOC","YEMEN HQ OVERHEAD   ","C409960013","2440"
"Oman","Gulf Energy SAOC","JORDAN HQ OVERHEAD  ","C409960014","2440"
"Oman","Gulf Energy SAOC","KSA HQ OVERHEAD     ","C409960015","2440"
"Oman","Gulf Energy SAOC","ELIMINATIONS        ","C409999999","2440"
"Oman","Gulf Energy Services LLC","BITS                ","C413400101","2441"
"Oman","Gulf Energy Services LLC","DIRECTIONAL DRILLING","C413410101","2441"
"Oman","Gulf Energy Services LLC","MEASUREMENT WHILE DR","C413410201","2441"
"Oman","Gulf Energy Services LLC","LOGG. WHILE DRILLING","C413410301","2441"
"Oman","Gulf Energy Services LLC","GYRO SERVICES       ","C413410401","2441"
"Oman","Gulf Energy Services LLC","MUD LOGGING         ","C413410601","2441"
"Oman","Gulf Energy Services LLC","OVERHEAD DRILLING   ","C413419901","2441"
"Oman","Gulf Energy Services LLC","TUBULAR RUNNING SERV","C413420101","2441"
"Oman","Gulf Energy Services LLC","DOWN HOLE TOOLS     ","C413430101","2441"
"Oman","Gulf Energy Services LLC","FISHING SERVICES    ","C413450101","2441"
"Oman","Gulf Energy Services LLC","OVERHEAD FISHING    ","C413459901","2441"
"Oman","Gulf Energy Services LLC","MACHINE SHOP        ","C413460101","2441"
"Oman","Gulf Energy Services LLC","THROUGH TUBING      ","C413500101","2441"
"Oman","Gulf Energy Services LLC","OVERHEAD THT        ","C413509901","2441"
"Oman","Gulf Energy Services LLC","MAINTENAN & WORKSHOP","C417700001","2441"
"Oman","Gulf Energy Services LLC","QHSE                ","C417700002","2441"
"Oman","Gulf Energy Services LLC","TRANSPORTATION      ","C417700003","2441"
"Oman","Gulf Energy Services LLC","FACILITY            ","C417700004","2441"
"Oman","Gulf Energy Services LLC","TECHNICAL MANAGEMENT","C417700005","2441"
"Oman","Gulf Energy Services LLC","LAB CTU & CMT       ","C417700006","2441"
"Oman","Gulf Energy Services LLC","WAREHOUSE           ","C417700007","2441"
"Oman","Gulf Energy Services LLC","LOGISTICS           ","C417700008","2441"
"Oman","Gulf Energy Services LLC","SUPPLY CHAIN        ","C418800001","2441"
"Oman","Gulf Energy Services LLC","FINANCE             ","C418800002","2441"
"Oman","Gulf Energy Services LLC","OFFICE FACILITY     ","C418800003","2441"
"Oman","Gulf Energy Services LLC","ADMIN GOVT & SECURIT","C418800004","2441"
"Oman","Gulf Energy Services LLC","BUSINESS DEVELOPMENT","C418800005","2441"
"Oman","Gulf Energy Services LLC","IT                  ","C418800006","2441"
"Oman","Gulf Energy Services LLC","HUMAN RESOURCES     ","C418800007","2441"
"Oman","Gulf Energy Services LLC","INTERNS             ","C418800008","2441"
"Oman","Gulf Energy Services LLC","MANAGEMENT          ","C418800009","2441"
"Oman","Gulf Energy Services LLC","LEGAL               ","C418800010","2441"
"Oman","Gulf Energy Services LLC","OMAN HQ OVERHEAD    ","C419960001","2441"
"Oman","Gulf Energy Services LLC","EGYPT HQ OVERHEAD   ","C419960002","2441"
"Oman","Gulf Energy Services LLC","OMAN HQ OVERHEAD    ","C419960003","2441"
"Oman","Gulf Energy Services LLC","ALGERIA HQ OVERHEAD ","C419960004","2441"
"Oman","Gulf Energy Services LLC","UAE HQ OVERHEAD     ","C419960005","2441"
"Oman","Gulf Energy Services LLC","QATAR HQ OVERHEAD   ","C419960006","2441"
"Oman","Gulf Energy Services LLC","IRAQ HQ OVERHEAD    ","C419960007","2441"
"Oman","Gulf Energy Services LLC","INDIA HQ OVERHEAD   ","C419960008","2441"
"Oman","Gulf Energy Services LLC","LIBYA HQ OVERHEAD   ","C419960009","2441"
"Oman","Gulf Energy Services LLC","INDONESIA HQ OVERH. ","C419960010","2441"
"Oman","Gulf Energy Services LLC","KUWAIT HQ OVERHEAD  ","C419960011","2441"
"Oman","Gulf Energy Services LLC","SSA HQ OVERHEAD     ","C419960012","2441"
"Oman","Gulf Energy Services LLC","YEMEN HQ OVERHEAD   ","C419960013","2441"
"Oman","Gulf Energy Services LLC","JORDAN HQ OVERHEAD  ","C419960014","2441"
"Oman","Gulf Energy Services LLC","KSA HQ OVERHEAD     ","C419960015","2441"
"Oman","Gulf Energy Services LLC","ELIMINATIONS        ","C419999999","2441"
"Oman","Integrated Petroleum Services LLC","CEMENTING           ","C421100101","2442"
"Oman","Integrated Petroleum Services LLC","COILED TUBING       ","C421110101","2442"
"Oman","Integrated Petroleum Services LLC","OVERHEAD CTU        ","C421119901","2442"
"Oman","Integrated Petroleum Services LLC","HYDRAULIC FRACTURING","C421130101","2442"
"Oman","Integrated Petroleum Services LLC","HYDRAULIC FRAC UNCON","C421130301","2442"
"Oman","Integrated Petroleum Services LLC","PIPELINES           ","C421140101","2442"
"Oman","Integrated Petroleum Services LLC","STIMULATION         ","C421170101","2442"
"Oman","Integrated Petroleum Services LLC","SURFACE TESTING     ","C422300101","2442"
"Oman","Integrated Petroleum Services LLC","WELL TEST-LSTK SITES","C422300401","2442"
"Oman","Integrated Petroleum Services LLC","WATER & PROD ASSURAN","C424600101","2442"
"Oman","Integrated Petroleum Services LLC","EMISSIONS CONTROL   ","C424610101","2442"
"Oman","Integrated Petroleum Services LLC","MAINTENAN & WORKSHOP","C427700001","2442"
"Oman","Integrated Petroleum Services LLC","QHSE                ","C427700002","2442"
"Oman","Integrated Petroleum Services LLC","TRANSPORTATION      ","C427700003","2442"
"Oman","Integrated Petroleum Services LLC","FACILITY            ","C427700004","2442"
"Oman","Integrated Petroleum Services LLC","TECHNICAL MANAGEMENT","C427700005","2442"
"Oman","Integrated Petroleum Services LLC","LAB CTU & CMT       ","C427700006","2442"
"Oman","Integrated Petroleum Services LLC","WAREHOUSE           ","C427700007","2442"
"Oman","Integrated Petroleum Services LLC","LOGISTICS           ","C427700008","2442"
"Oman","Integrated Petroleum Services LLC","SUPPLY CHAIN        ","C428800001","2442"
"Oman","Integrated Petroleum Services LLC","FINANCE             ","C428800002","2442"
"Oman","Integrated Petroleum Services LLC","OFFICE FACILITY     ","C428800003","2442"
"Oman","Integrated Petroleum Services LLC","ADMIN GOVT & SECURIT","C428800004","2442"
"Oman","Integrated Petroleum Services LLC","BUSINESS DEVELOPMENT","C428800005","2442"
"Oman","Integrated Petroleum Services LLC","IT                  ","C428800006","2442"
"Oman","Integrated Petroleum Services LLC","HUMAN RESOURCES     ","C428800007","2442"
"Oman","Integrated Petroleum Services LLC","INTERNS             ","C428800008","2442"
"Oman","Integrated Petroleum Services LLC","MANAGEMENT          ","C428800009","2442"
"Oman","Integrated Petroleum Services LLC","LEGAL               ","C428800010","2442"
"Oman","Integrated Petroleum Services LLC","OMAN HQ OVERHEAD    ","C429960001","2442"
"Oman","Integrated Petroleum Services LLC","EGYPT HQ OVERHEAD   ","C429960002","2442"
"Oman","Integrated Petroleum Services LLC","OMAN HQ OVERHEAD    ","C429960003","2442"
"Oman","Integrated Petroleum Services LLC","ALGERIA HQ OVERHEAD ","C429960004","2442"
"Oman","Integrated Petroleum Services LLC","UAE HQ OVERHEAD     ","C429960005","2442"
"Oman","Integrated Petroleum Services LLC","QATAR HQ OVERHEAD   ","C429960006","2442"
"Oman","Integrated Petroleum Services LLC","IRAQ HQ OVERHEAD    ","C429960007","2442"
"Oman","Integrated Petroleum Services LLC","INDIA HQ OVERHEAD   ","C429960008","2442"
"Oman","Integrated Petroleum Services LLC","LIBYA HQ OVERHEAD   ","C429960009","2442"
"Oman","Integrated Petroleum Services LLC","INDONESIA HQ OVERH. ","C429960010","2442"
"Oman","Integrated Petroleum Services LLC","KUWAIT HQ OVERHEAD  ","C429960011","2442"
"Oman","Integrated Petroleum Services LLC","SSA HQ OVERHEAD     ","C429960012","2442"
"Oman","Integrated Petroleum Services LLC","YEMEN HQ OVERHEAD   ","C429960013","2442"
"Oman","Integrated Petroleum Services LLC","JORDAN HQ OVERHEAD  ","C429960014","2442"
"Oman","Integrated Petroleum Services LLC","KSA HQ OVERHEAD     ","C429960015","2442"
"Oman","Integrated Petroleum Services LLC","ELIMINATIONS        ","C429999999","2442"
"Oman","Makamen Petroleum LLC","CEMENTING           ","C431100101","2443"
"Oman","Makamen Petroleum LLC","CEMENT DHT          ","C431100201","2443"
"Oman","Makamen Petroleum LLC","OVERHEAD CEMENTING  ","C431109901","2443"
"Oman","Makamen Petroleum LLC","COILED TUBING       ","C431110101","2443"
"Oman","Makamen Petroleum LLC","ARTIFICIAL LIFT SERV","C431180101","2443"
"Oman","Makamen Petroleum LLC","COMPLETIONS         ","C431190101","2443"
"Oman","Makamen Petroleum LLC","DIRECTIONAL DRILLING","C433410101","2443"
"Oman","Makamen Petroleum LLC","TUBULAR RUNNING SERV","C433420101","2443"
"Oman","Makamen Petroleum LLC","DRILLING FLUIDS     ","C433440101","2443"
"Oman","Makamen Petroleum LLC","MANUFACTURING       ","C433480101","2443"
"Oman","Makamen Petroleum LLC","RIGS                ","C433490101","2443"
"Oman","Makamen Petroleum LLC","BOP                 ","C433510101","2443"
"Oman","Makamen Petroleum LLC","OTHER WELL HEADS    ","C433510201","2443"
"Oman","Makamen Petroleum LLC","MAINTENAN & WORKSHOP","C437700001","2443"
"Oman","Makamen Petroleum LLC","QHSE                ","C437700002","2443"
"Oman","Makamen Petroleum LLC","TRANSPORTATION      ","C437700003","2443"
"Oman","Makamen Petroleum LLC","FACILITY            ","C437700004","2443"
"Oman","Makamen Petroleum LLC","TECHNICAL MANAGEMENT","C437700005","2443"
"Oman","Makamen Petroleum LLC","LAB CTU & CMT       ","C437700006","2443"
"Oman","Makamen Petroleum LLC","WAREHOUSE           ","C437700007","2443"
"Oman","Makamen Petroleum LLC","LOGISTICS           ","C437700008","2443"
"Oman","Makamen Petroleum LLC","SUPPLY CHAIN        ","C438800001","2443"
"Oman","Makamen Petroleum LLC","FINANCE             ","C438800002","2443"
"Oman","Makamen Petroleum LLC","OFFICE FACILITY     ","C438800003","2443"
"Oman","Makamen Petroleum LLC","ADMIN GOVT & SECURIT","C438800004","2443"
"Oman","Makamen Petroleum LLC","BUSINESS DEVELOPMENT","C438800005","2443"
"Oman","Makamen Petroleum LLC","IT                  ","C438800006","2443"
"Oman","Makamen Petroleum LLC","HUMAN RESOURCES     ","C438800007","2443"
"Oman","Makamen Petroleum LLC","INTERNS             ","C438800008","2443"
"Oman","Makamen Petroleum LLC","MANAGEMENT          ","C438800009","2443"
"Oman","Makamen Petroleum LLC","LEGAL               ","C438800010","2443"
"Oman","Makamen Petroleum LLC","OMAN HQ OVERHEAD    ","C439960001","2443"
"Oman","Makamen Petroleum LLC","EGYPT HQ OVERHEAD   ","C439960002","2443"
"Oman","Makamen Petroleum LLC","OMAN HQ OVERHEAD    ","C439960003","2443"
"Oman","Makamen Petroleum LLC","ALGERIA HQ OVERHEAD ","C439960004","2443"
"Oman","Makamen Petroleum LLC","UAE HQ OVERHEAD     ","C439960005","2443"
"Oman","Makamen Petroleum LLC","QATAR HQ OVERHEAD   ","C439960006","2443"
"Oman","Makamen Petroleum LLC","IRAQ HQ OVERHEAD    ","C439960007","2443"
"Oman","Makamen Petroleum LLC","INDIA HQ OVERHEAD   ","C439960008","2443"
"Oman","Makamen Petroleum LLC","LIBYA HQ OVERHEAD   ","C439960009","2443"
"Oman","Makamen Petroleum LLC","INDONESIA HQ OVERH. ","C439960010","2443"
"Oman","Makamen Petroleum LLC","KUWAIT HQ OVERHEAD  ","C439960011","2443"
"Oman","Makamen Petroleum LLC","SSA HQ OVERHEAD     ","C439960012","2443"
"Oman","Makamen Petroleum LLC","YEMEN HQ OVERHEAD   ","C439960013","2443"
"Oman","Makamen Petroleum LLC","JORDAN HQ OVERHEAD  ","C439960014","2443"
"Oman","Makamen Petroleum LLC","KSA HQ OVERHEAD     ","C439960015","2443"
"Oman","Makamen Petroleum LLC","ELIMINATIONS        ","C439999999","2443"
"Oman","Sino Gulf Energy Enterprises LLC","DOWN HOLE TOOLS     ","C443430101","2444"
"Oman","Sino Gulf Energy Enterprises LLC","OVERHEAD DS         ","C443439901","2444"
"Oman","Sino Gulf Energy Enterprises LLC","MACHINE SHOP        ","C443460101","2444"
"Oman","Sino Gulf Energy Enterprises LLC","MAINTENAN & WORKSHOP","C447700001","2444"
"Oman","Sino Gulf Energy Enterprises LLC","QHSE                ","C447700002","2444"
"Oman","Sino Gulf Energy Enterprises LLC","TRANSPORTATION      ","C447700003","2444"
"Oman","Sino Gulf Energy Enterprises LLC","FACILITY            ","C447700004","2444"
"Oman","Sino Gulf Energy Enterprises LLC","TECHNICAL MANAGEMENT","C447700005","2444"
"Oman","Sino Gulf Energy Enterprises LLC","LAB CTU & CMT       ","C447700006","2444"
"Oman","Sino Gulf Energy Enterprises LLC","WAREHOUSE           ","C447700007","2444"
"Oman","Sino Gulf Energy Enterprises LLC","LOGISTICS           ","C447700008","2444"
"Oman","Sino Gulf Energy Enterprises LLC","SUPPLY CHAIN        ","C448800001","2444"
"Oman","Sino Gulf Energy Enterprises LLC","FINANCE             ","C448800002","2444"
"Oman","Sino Gulf Energy Enterprises LLC","OFFICE FACILITY     ","C448800003","2444"
"Oman","Sino Gulf Energy Enterprises LLC","ADMIN GOVT & SECURIT","C448800004","2444"
"Oman","Sino Gulf Energy Enterprises LLC","BUSINESS DEVELOPMENT","C448800005","2444"
"Oman","Sino Gulf Energy Enterprises LLC","IT                  ","C448800006","2444"
"Oman","Sino Gulf Energy Enterprises LLC","HUMAN RESOURCES     ","C448800007","2444"
"Oman","Sino Gulf Energy Enterprises LLC","INTERNS             ","C448800008","2444"
"Oman","Sino Gulf Energy Enterprises LLC","MANAGEMENT          ","C448800009","2444"
"Oman","Sino Gulf Energy Enterprises LLC","LEGAL               ","C448800010","2444"
"Oman","Sino Gulf Energy Enterprises LLC","OMAN HQ OVERHEAD    ","C449960001","2444"
"Oman","Sino Gulf Energy Enterprises LLC","EGYPT HQ OVERHEAD   ","C449960002","2444"
"Oman","Sino Gulf Energy Enterprises LLC","OMAN HQ OVERHEAD    ","C449960003","2444"
"Oman","Sino Gulf Energy Enterprises LLC","ALGERIA HQ OVERHEAD ","C449960004","2444"
"Oman","Sino Gulf Energy Enterprises LLC","UAE HQ OVERHEAD     ","C449960005","2444"
"Oman","Sino Gulf Energy Enterprises LLC","QATAR HQ OVERHEAD   ","C449960006","2444"
"Oman","Sino Gulf Energy Enterprises LLC","IRAQ HQ OVERHEAD    ","C449960007","2444"
"Oman","Sino Gulf Energy Enterprises LLC","INDIA HQ OVERHEAD   ","C449960008","2444"
"Oman","Sino Gulf Energy Enterprises LLC","LIBYA HQ OVERHEAD   ","C449960009","2444"
"Oman","Sino Gulf Energy Enterprises LLC","INDONESIA HQ OVERH. ","C449960010","2444"
"Oman","Sino Gulf Energy Enterprises LLC","KUWAIT HQ OVERHEAD  ","C449960011","2444"
"Oman","Sino Gulf Energy Enterprises LLC","SSA HQ OVERHEAD     ","C449960012","2444"
"Oman","Sino Gulf Energy Enterprises LLC","YEMEN HQ OVERHEAD   ","C449960013","2444"
"Oman","Sino Gulf Energy Enterprises LLC","JORDAN HQ OVERHEAD  ","C449960014","2444"
"Oman","Sino Gulf Energy Enterprises LLC","KSA HQ OVERHEAD     ","C449960015","2444"
"Oman","Sino Gulf Energy Enterprises LLC","ELIMINATIONS        ","C449999999","2444"
"Oman","Sledgehammer Gulf LLC","DOWN HOLE TOOLS     ","C463430101","2446"
"Oman","Sledgehammer Gulf LLC","MACHINE SHOP        ","C463460101","2446"
"Oman","Sledgehammer Gulf LLC","MANUFACTURING       ","C463480101","2446"
"Oman","Sledgehammer Gulf LLC","MAINTENAN & WORKSHOP","C467700001","2446"
"Oman","Sledgehammer Gulf LLC","QHSE                ","C467700002","2446"
"Oman","Sledgehammer Gulf LLC","TRANSPORTATION      ","C467700003","2446"
"Oman","Sledgehammer Gulf LLC","FACILITY            ","C467700004","2446"
"Oman","Sledgehammer Gulf LLC","TECHNICAL MANAGEMENT","C467700005","2446"
"Oman","Sledgehammer Gulf LLC","LAB CTU & CMT       ","C467700006","2446"
"Oman","Sledgehammer Gulf LLC","WAREHOUSE           ","C467700007","2446"
"Oman","Sledgehammer Gulf LLC","LOGISTICS           ","C467700008","2446"
"Oman","Sledgehammer Gulf LLC","SUPPLY CHAIN        ","C468800001","2446"
"Oman","Sledgehammer Gulf LLC","FINANCE             ","C468800002","2446"
"Oman","Sledgehammer Gulf LLC","OFFICE FACILITY     ","C468800003","2446"
"Oman","Sledgehammer Gulf LLC","ADMIN GOVT & SECURIT","C468800004","2446"
"Oman","Sledgehammer Gulf LLC","BUSINESS DEVELOPMENT","C468800005","2446"
"Oman","Sledgehammer Gulf LLC","IT                  ","C468800006","2446"
"Oman","Sledgehammer Gulf LLC","HUMAN RESOURCES     ","C468800007","2446"
"Oman","Sledgehammer Gulf LLC","INTERNS             ","C468800008","2446"
"Oman","Sledgehammer Gulf LLC","MANAGEMENT          ","C468800009","2446"
"Oman","Sledgehammer Gulf LLC","LEGAL               ","C468800010","2446"
"Oman","Sledgehammer Gulf LLC","OMAN HQ OVERHEAD    ","C469960001","2446"
"Oman","Sledgehammer Gulf LLC","ELIMINATIONS        ","C469999999","2446"
"Kuwait","NPS Bahrain For Oil and Gas Wells Services WLL - K","CEMENTING           ","C501100101","2550"
"Kuwait","NPS Bahrain For Oil and Gas Wells Services WLL - K","CEMENT DHT          ","C501100201","2550"
"Kuwait","NPS Bahrain For Oil and Gas Wells Services WLL - K","COILED TUBING       ","C501110101","2550"
"Kuwait","NPS Bahrain For Oil and Gas Wells Services WLL - K","SURFACE TESTING     ","C502300101","2550"
"Kuwait","NPS Bahrain For Oil and Gas Wells Services WLL - K","WL LOG-CASED HOLE   ","C502310201","2550"
"Kuwait","NPS Bahrain For Oil and Gas Wells Services WLL - K","DIRECTIONAL DRILLING","C503410101","2550"
"Kuwait","NPS Bahrain For Oil and Gas Wells Services WLL - K","TUBULAR RUNNING SERV","C503420101","2550"
"Kuwait","NPS Bahrain For Oil and Gas Wells Services WLL - K","DOWN HOLE TOOLS     ","C503430101","2550"
"Kuwait","NPS Bahrain For Oil and Gas Wells Services WLL - K","DRILLING FLUIDS     ","C503440101","2550"
"Kuwait","NPS Bahrain For Oil and Gas Wells Services WLL - K","FISHING SERVICES    ","C503450101","2550"
"Kuwait","NPS Bahrain For Oil and Gas Wells Services WLL - K","MACHINE SHOP        ","C503460101","2550"
"Kuwait","NPS Bahrain For Oil and Gas Wells Services WLL - K","THROUGH TUBING      ","C503500101","2550"
"Kuwait","NPS Bahrain For Oil and Gas Wells Services WLL - K","OTHER WELL HEADS    ","C503510201","2550"
"Kuwait","NPS Bahrain For Oil and Gas Wells Services WLL - K","WATER & PROD ASSURAN","C504600101","2550"
"Kuwait","NPS Bahrain For Oil and Gas Wells Services WLL - K","EMISSIONS CONTROL   ","C504610101","2550"
"Kuwait","NPS Bahrain For Oil and Gas Wells Services WLL - K","FLARE CAPTURE       ","C504620101","2550"
"Kuwait","NPS Bahrain For Oil and Gas Wells Services WLL - K","HEAT AND GEOTHERMAL ","C504630101","2550"
"Kuwait","NPS Bahrain For Oil and Gas Wells Services WLL - K","MAINTENAN & WORKSHOP","C507700001","2550"
"Kuwait","NPS Bahrain For Oil and Gas Wells Services WLL - K","QHSE                ","C507700002","2550"
"Kuwait","NPS Bahrain For Oil and Gas Wells Services WLL - K","TRANSPORTATION      ","C507700003","2550"
"Kuwait","NPS Bahrain For Oil and Gas Wells Services WLL - K","FACILITY            ","C507700004","2550"
"Kuwait","NPS Bahrain For Oil and Gas Wells Services WLL - K","TECHNICAL MANAGEMENT","C507700005","2550"
"Kuwait","NPS Bahrain For Oil and Gas Wells Services WLL - K","LAB CTU & CMT       ","C507700006","2550"
"Kuwait","NPS Bahrain For Oil and Gas Wells Services WLL - K","WAREHOUSE           ","C507700007","2550"
"Kuwait","NPS Bahrain For Oil and Gas Wells Services WLL - K","LOGISTICS           ","C507700008","2550"
"Kuwait","NPS Bahrain For Oil and Gas Wells Services WLL - K","SUPPLY CHAIN        ","C508800001","2550"
"Kuwait","NPS Bahrain For Oil and Gas Wells Services WLL - K","FINANCE             ","C508800002","2550"
"Kuwait","NPS Bahrain For Oil and Gas Wells Services WLL - K","OFFICE FACILITY     ","C508800003","2550"
"Kuwait","NPS Bahrain For Oil and Gas Wells Services WLL - K","ADMIN GOVT & SECURIT","C508800004","2550"
"Kuwait","NPS Bahrain For Oil and Gas Wells Services WLL - K","BUSINESS DEVELOPMENT","C508800005","2550"
"Kuwait","NPS Bahrain For Oil and Gas Wells Services WLL - K","IT                  ","C508800006","2550"
"Kuwait","NPS Bahrain For Oil and Gas Wells Services WLL - K","HUMAN RESOURCES     ","C508800007","2550"
"Kuwait","NPS Bahrain For Oil and Gas Wells Services WLL - K","INTERNS             ","C508800008","2550"
"Kuwait","NPS Bahrain For Oil and Gas Wells Services WLL - K","MANAGEMENT          ","C508800009","2550"
"Kuwait","NPS Bahrain For Oil and Gas Wells Services WLL - K","LEGAL               ","C508800010","2550"
"Kuwait","NPS Bahrain For Oil and Gas Wells Services WLL - K","KUWAIT HQ OVERHEAD  ","C509960001","2550"
"Kuwait","NPS Bahrain For Oil and Gas Wells Services WLL - K","ELIMINATIONS        ","C509999999","2550"
"Kuwait","Sino Gulf Energy Enterprises LLC - Kuwait","CEMENTING           ","C511100101","2551"
"Kuwait","Sino Gulf Energy Enterprises LLC - Kuwait","COILED TUBING       ","C511110101","2551"
"Kuwait","Sino Gulf Energy Enterprises LLC - Kuwait","SURFACE TESTING     ","C512300101","2551"
"Kuwait","Sino Gulf Energy Enterprises LLC - Kuwait","WL LOG - OPEN HOLE  ","C512310101","2551"
"Kuwait","Sino Gulf Energy Enterprises LLC - Kuwait","WL LOG-CASED HOLE   ","C512310201","2551"
"Kuwait","Sino Gulf Energy Enterprises LLC - Kuwait","BITS                ","C513400101","2551"
"Kuwait","Sino Gulf Energy Enterprises LLC - Kuwait","DIRECTIONAL DRILLING","C513410101","2551"
"Kuwait","Sino Gulf Energy Enterprises LLC - Kuwait","OVERHEAD DRILLING   ","C513419901","2551"
"Kuwait","Sino Gulf Energy Enterprises LLC - Kuwait","TUBULAR RUNNING SERV","C513420101","2551"
"Kuwait","Sino Gulf Energy Enterprises LLC - Kuwait","DOWN HOLE TOOLS     ","C513430101","2551"
"Kuwait","Sino Gulf Energy Enterprises LLC - Kuwait","FISHING SERVICES    ","C513450101","2551"
"Kuwait","Sino Gulf Energy Enterprises LLC - Kuwait","MACHINE SHOP        ","C513460101","2551"
"Kuwait","Sino Gulf Energy Enterprises LLC - Kuwait","RIGS                ","C513490101","2551"
"Kuwait","Sino Gulf Energy Enterprises LLC - Kuwait","THROUGH TUBING      ","C513500101","2551"
"Kuwait","Sino Gulf Energy Enterprises LLC - Kuwait","OTHER WELL HEADS    ","C513510201","2551"
"Kuwait","Sino Gulf Energy Enterprises LLC - Kuwait","MAINTENAN & WORKSHOP","C517700001","2551"
"Kuwait","Sino Gulf Energy Enterprises LLC - Kuwait","QHSE                ","C517700002","2551"
"Kuwait","Sino Gulf Energy Enterprises LLC - Kuwait","TRANSPORTATION      ","C517700003","2551"
"Kuwait","Sino Gulf Energy Enterprises LLC - Kuwait","FACILITY            ","C517700004","2551"
"Kuwait","Sino Gulf Energy Enterprises LLC - Kuwait","TECHNICAL MANAGEMENT","C517700005","2551"
"Kuwait","Sino Gulf Energy Enterprises LLC - Kuwait","LAB CTU & CMT       ","C517700006","2551"
"Kuwait","Sino Gulf Energy Enterprises LLC - Kuwait","WAREHOUSE           ","C517700007","2551"
"Kuwait","Sino Gulf Energy Enterprises LLC - Kuwait","LOGISTICS           ","C517700008","2551"
"Kuwait","Sino Gulf Energy Enterprises LLC - Kuwait","SUPPLY CHAIN        ","C518800001","2551"
"Kuwait","Sino Gulf Energy Enterprises LLC - Kuwait","FINANCE             ","C518800002","2551"
"Kuwait","Sino Gulf Energy Enterprises LLC - Kuwait","OFFICE FACILITY     ","C518800003","2551"
"Kuwait","Sino Gulf Energy Enterprises LLC - Kuwait","ADMIN GOVT & SECURIT","C518800004","2551"
"Kuwait","Sino Gulf Energy Enterprises LLC - Kuwait","BUSINESS DEVELOPMENT","C518800005","2551"
"Kuwait","Sino Gulf Energy Enterprises LLC - Kuwait","IT                  ","C518800006","2551"
"Kuwait","Sino Gulf Energy Enterprises LLC - Kuwait","HUMAN RESOURCES     ","C518800007","2551"
"Kuwait","Sino Gulf Energy Enterprises LLC - Kuwait","INTERNS             ","C518800008","2551"
"Kuwait","Sino Gulf Energy Enterprises LLC - Kuwait","MANAGEMENT          ","C518800009","2551"
"Kuwait","Sino Gulf Energy Enterprises LLC - Kuwait","LEGAL               ","C518800010","2551"
"Kuwait","Sino Gulf Energy Enterprises LLC - Kuwait","KUWAIT HQ OVERHEAD  ","C519960001","2551"
"Kuwait","Sino Gulf Energy Enterprises LLC - Kuwait","EGYPT HQ OVERHEAD   ","C519960002","2551"
"Kuwait","Sino Gulf Energy Enterprises LLC - Kuwait","OMAN HQ OVERHEAD    ","C519960003","2551"
"Kuwait","Sino Gulf Energy Enterprises LLC - Kuwait","ALGERIA HQ OVERHEAD ","C519960004","2551"
"Kuwait","Sino Gulf Energy Enterprises LLC - Kuwait","UAE HQ OVERHEAD     ","C519960005","2551"
"Kuwait","Sino Gulf Energy Enterprises LLC - Kuwait","QATAR HQ OVERHEAD   ","C519960006","2551"
"Kuwait","Sino Gulf Energy Enterprises LLC - Kuwait","IRAQ HQ OVERHEAD    ","C519960007","2551"
"Kuwait","Sino Gulf Energy Enterprises LLC - Kuwait","INDIA HQ OVERHEAD   ","C519960008","2551"
"Kuwait","Sino Gulf Energy Enterprises LLC - Kuwait","LIBYA HQ OVERHEAD   ","C519960009","2551"
"Kuwait","Sino Gulf Energy Enterprises LLC - Kuwait","INDONESIA HQ OVERH. ","C519960010","2551"
"Kuwait","Sino Gulf Energy Enterprises LLC - Kuwait","KUWAIT HQ OVERHEAD  ","C519960011","2551"
"Kuwait","Sino Gulf Energy Enterprises LLC - Kuwait","SSA HQ OVERHEAD     ","C519960012","2551"
"Kuwait","Sino Gulf Energy Enterprises LLC - Kuwait","YEMEN HQ OVERHEAD   ","C519960013","2551"
"Kuwait","Sino Gulf Energy Enterprises LLC - Kuwait","JORDAN HQ OVERHEAD  ","C519960014","2551"
"Kuwait","Sino Gulf Energy Enterprises LLC - Kuwait","KSA HQ OVERHEAD     ","C519960015","2551"
"Kuwait","Sino Gulf Energy Enterprises LLC - Kuwait","ELIMINATIONS        ","C519999999","2551"
"Kuwait","National Gulf Petroleum Services","CEMENTING           ","C521100101","2552"
"Kuwait","National Gulf Petroleum Services","SURFACE TESTING     ","C522300101","2552"
"Kuwait","National Gulf Petroleum Services","WL LOG-CASED HOLE   ","C522310201","2552"
"Kuwait","National Gulf Petroleum Services","DIRECTIONAL DRILLING","C523410101","2552"
"Kuwait","National Gulf Petroleum Services","TUBULAR RUNNING SERV","C523420101","2552"
"Kuwait","National Gulf Petroleum Services","DOWN HOLE TOOLS     ","C523430101","2552"
"Kuwait","National Gulf Petroleum Services","FISHING SERVICES    ","C523450101","2552"
"Kuwait","National Gulf Petroleum Services","MACHINE SHOP        ","C523460101","2552"
"Kuwait","National Gulf Petroleum Services","THROUGH TUBING      ","C523500101","2552"
"Kuwait","National Gulf Petroleum Services","OTHER WELL HEADS    ","C523510201","2552"
"Kuwait","National Gulf Petroleum Services","MAINTENAN & WORKSHOP","C527700001","2552"
"Kuwait","National Gulf Petroleum Services","QHSE                ","C527700002","2552"
"Kuwait","National Gulf Petroleum Services","TRANSPORTATION      ","C527700003","2552"
"Kuwait","National Gulf Petroleum Services","FACILITY            ","C527700004","2552"
"Kuwait","National Gulf Petroleum Services","TECHNICAL MANAGEMENT","C527700005","2552"
"Kuwait","National Gulf Petroleum Services","LAB CTU & CMT       ","C527700006","2552"
"Kuwait","National Gulf Petroleum Services","WAREHOUSE           ","C527700007","2552"
"Kuwait","National Gulf Petroleum Services","LOGISTICS           ","C527700008","2552"
"Kuwait","National Gulf Petroleum Services","SUPPLY CHAIN        ","C528800001","2552"
"Kuwait","National Gulf Petroleum Services","FINANCE             ","C528800002","2552"
"Kuwait","National Gulf Petroleum Services","OFFICE FACILITY     ","C528800003","2552"
"Kuwait","National Gulf Petroleum Services","ADMIN GOVT & SECURIT","C528800004","2552"
"Kuwait","National Gulf Petroleum Services","BUSINESS DEVELOPMENT","C528800005","2552"
"Kuwait","National Gulf Petroleum Services","IT                  ","C528800006","2552"
"Kuwait","National Gulf Petroleum Services","HUMAN RESOURCES     ","C528800007","2552"
"Kuwait","National Gulf Petroleum Services","INTERNS             ","C528800008","2552"
"Kuwait","National Gulf Petroleum Services","MANAGEMENT          ","C528800009","2552"
"Kuwait","National Gulf Petroleum Services","LEGAL               ","C528800010","2552"
"Kuwait","National Gulf Petroleum Services","KUWAIT HQ OVERHEAD  ","C529960001","2552"
"Kuwait","National Gulf Petroleum Services","ELIMINATIONS        ","C529999999","2552"
"Kuwait","Sahara Petroleum Service - Kuwait Project","CEMENTING           ","C531100101","2553"
"Kuwait","Sahara Petroleum Service - Kuwait Project","COILED TUBING       ","C531110101","2553"
"Kuwait","Sahara Petroleum Service - Kuwait Project","COILED TUBING DHT   ","C531110201","2553"
"Kuwait","Sahara Petroleum Service - Kuwait Project","PIPELINES           ","C531140101","2553"
"Kuwait","Sahara Petroleum Service - Kuwait Project","NITROGEN PURGE      ","C531140701","2553"
"Kuwait","Sahara Petroleum Service - Kuwait Project","NITROGEN            ","C531150101","2553"
"Kuwait","Sahara Petroleum Service - Kuwait Project","STIMULATION         ","C531170101","2553"
"Kuwait","Sahara Petroleum Service - Kuwait Project","SURFACE TESTING     ","C532300101","2553"
"Kuwait","Sahara Petroleum Service - Kuwait Project","WL LOG-CASED HOLE   ","C532310201","2553"
"Kuwait","Sahara Petroleum Service - Kuwait Project","SLICKLINE           ","C532320101","2553"
"Kuwait","Sahara Petroleum Service - Kuwait Project","DIRECTIONAL DRILLING","C533410101","2553"
"Kuwait","Sahara Petroleum Service - Kuwait Project","CORING SERVICES     ","C533410501","2553"
"Kuwait","Sahara Petroleum Service - Kuwait Project","MUD LOGGING         ","C533410601","2553"
"Kuwait","Sahara Petroleum Service - Kuwait Project","TUBULAR RUNNING SERV","C533420101","2553"
"Kuwait","Sahara Petroleum Service - Kuwait Project","DOWN HOLE TOOLS     ","C533430101","2553"
"Kuwait","Sahara Petroleum Service - Kuwait Project","FISHING SERVICES    ","C533450101","2553"
"Kuwait","Sahara Petroleum Service - Kuwait Project","MACHINE SHOP        ","C533460101","2553"
"Kuwait","Sahara Petroleum Service - Kuwait Project","THROUGH TUBING      ","C533500101","2553"
"Kuwait","Sahara Petroleum Service - Kuwait Project","OTHER WELL HEADS    ","C533510201","2553"
"Kuwait","Sahara Petroleum Service - Kuwait Project","MAINTENAN & WORKSHOP","C537700001","2553"
"Kuwait","Sahara Petroleum Service - Kuwait Project","QHSE                ","C537700002","2553"
"Kuwait","Sahara Petroleum Service - Kuwait Project","TRANSPORTATION      ","C537700003","2553"
"Kuwait","Sahara Petroleum Service - Kuwait Project","FACILITY            ","C537700004","2553"
"Kuwait","Sahara Petroleum Service - Kuwait Project","TECHNICAL MANAGEMENT","C537700005","2553"
"Kuwait","Sahara Petroleum Service - Kuwait Project","LAB CTU & CMT       ","C537700006","2553"
"Kuwait","Sahara Petroleum Service - Kuwait Project","WAREHOUSE           ","C537700007","2553"
"Kuwait","Sahara Petroleum Service - Kuwait Project","LOGISTICS           ","C537700008","2553"
"Kuwait","Sahara Petroleum Service - Kuwait Project","SUPPLY CHAIN        ","C538800001","2553"
"Kuwait","Sahara Petroleum Service - Kuwait Project","FINANCE             ","C538800002","2553"
"Kuwait","Sahara Petroleum Service - Kuwait Project","OFFICE FACILITY     ","C538800003","2553"
"Kuwait","Sahara Petroleum Service - Kuwait Project","ADMIN GOVT & SECURIT","C538800004","2553"
"Kuwait","Sahara Petroleum Service - Kuwait Project","BUSINESS DEVELOPMENT","C538800005","2553"
"Kuwait","Sahara Petroleum Service - Kuwait Project","IT                  ","C538800006","2553"
"Kuwait","Sahara Petroleum Service - Kuwait Project","HUMAN RESOURCES     ","C538800007","2553"
"Kuwait","Sahara Petroleum Service - Kuwait Project","INTERNS             ","C538800008","2553"
"Kuwait","Sahara Petroleum Service - Kuwait Project","MANAGEMENT          ","C538800009","2553"
"Kuwait","Sahara Petroleum Service - Kuwait Project","LEGAL               ","C538800010","2553"
"Kuwait","Sahara Petroleum Service - Kuwait Project","KUWAIT HQ OVERHEAD  ","C539960001","2553"
"Kuwait","Sahara Petroleum Service - Kuwait Project","ELIMINATIONS        ","C539999999","2553"
"Kuwait","Action Energy (CPVEN) Kuwait","CEMENTING           ","C541100101","2554"
"Kuwait","Action Energy (CPVEN) Kuwait","CEMENT DHT          ","C541100201","2554"
"Kuwait","Action Energy (CPVEN) Kuwait","COILED TUBING       ","C541110101","2554"
"Kuwait","Action Energy (CPVEN) Kuwait","HYDRAULIC FRACTURING","C541130101","2554"
"Kuwait","Action Energy (CPVEN) Kuwait","NITROGEN            ","C541150101","2554"
"Kuwait","Action Energy (CPVEN) Kuwait","STIMULATION         ","C541170101","2554"
"Kuwait","Action Energy (CPVEN) Kuwait","DRILLING FLUIDS     ","C543440101","2554"
"Kuwait","Action Energy (CPVEN) Kuwait","MAINTENAN & WORKSHOP","C547700001","2554"
"Kuwait","Action Energy (CPVEN) Kuwait","QHSE                ","C547700002","2554"
"Kuwait","Action Energy (CPVEN) Kuwait","TRANSPORTATION      ","C547700003","2554"
"Kuwait","Action Energy (CPVEN) Kuwait","FACILITY            ","C547700004","2554"
"Kuwait","Action Energy (CPVEN) Kuwait","TECHNICAL MANAGEMENT","C547700005","2554"
"Kuwait","Action Energy (CPVEN) Kuwait","LAB CTU & CMT       ","C547700006","2554"
"Kuwait","Action Energy (CPVEN) Kuwait","WAREHOUSE           ","C547700007","2554"
"Kuwait","Action Energy (CPVEN) Kuwait","LOGISTICS           ","C547700008","2554"
"Kuwait","Action Energy (CPVEN) Kuwait","SUPPLY CHAIN        ","C548800001","2554"
"Kuwait","Action Energy (CPVEN) Kuwait","FINANCE             ","C548800002","2554"
"Kuwait","Action Energy (CPVEN) Kuwait","OFFICE FACILITY     ","C548800003","2554"
"Kuwait","Action Energy (CPVEN) Kuwait","ADMIN GOVT & SECURIT","C548800004","2554"
"Kuwait","Action Energy (CPVEN) Kuwait","BUSINESS DEVELOPMENT","C548800005","2554"
"Kuwait","Action Energy (CPVEN) Kuwait","IT                  ","C548800006","2554"
"Kuwait","Action Energy (CPVEN) Kuwait","HUMAN RESOURCES     ","C548800007","2554"
"Kuwait","Action Energy (CPVEN) Kuwait","INTERNS             ","C548800008","2554"
"Kuwait","Action Energy (CPVEN) Kuwait","MANAGEMENT          ","C548800009","2554"
"Kuwait","Action Energy (CPVEN) Kuwait","LEGAL               ","C548800010","2554"
"Kuwait","Action Energy (CPVEN) Kuwait","KUWAIT HQ OVERHEAD  ","C549960001","2554"
"Kuwait","Action Energy (CPVEN) Kuwait","ELIMINATIONS        ","C549999999","2554"
"Kuwait","Gulf Energy LLC","CEMENTING           ","C551100101","2555"
"Kuwait","Gulf Energy LLC","CEMENT DHT          ","C551100201","2555"
"Kuwait","Gulf Energy LLC","COILED TUBING       ","C551110101","2555"
"Kuwait","Gulf Energy LLC","SURFACE TESTING     ","C552300101","2555"
"Kuwait","Gulf Energy LLC","WL LOG-CASED HOLE   ","C552310201","2555"
"Kuwait","Gulf Energy LLC","DIRECTIONAL DRILLING","C553410101","2555"
"Kuwait","Gulf Energy LLC","MEASUREMENT WHILE DR","C553410201","2555"
"Kuwait","Gulf Energy LLC","LOGG. WHILE DRILLING","C553410301","2555"
"Kuwait","Gulf Energy LLC","GYRO SERVICES       ","C553410401","2555"
"Kuwait","Gulf Energy LLC","CORING SERVICES     ","C553410501","2555"
"Kuwait","Gulf Energy LLC","TUBULAR RUNNING SERV","C553420101","2555"
"Kuwait","Gulf Energy LLC","DOWN HOLE TOOLS     ","C553430101","2555"
"Kuwait","Gulf Energy LLC","FISHING SERVICES    ","C553450101","2555"
"Kuwait","Gulf Energy LLC","MACHINE SHOP        ","C553460101","2555"
"Kuwait","Gulf Energy LLC","THROUGH TUBING      ","C553500101","2555"
"Kuwait","Gulf Energy LLC","OTHER WELL HEADS    ","C553510201","2555"
"Kuwait","Gulf Energy LLC","WATER & PROD ASSURAN","C554600101","2555"
"Kuwait","Gulf Energy LLC","EMISSIONS CONTROL   ","C554610101","2555"
"Kuwait","Gulf Energy LLC","FLARE CAPTURE       ","C554620101","2555"
"Kuwait","Gulf Energy LLC","HEAT AND GEOTHERMAL ","C554630101","2555"
"Kuwait","Gulf Energy LLC","MAINTENAN & WORKSHOP","C557700001","2555"
"Kuwait","Gulf Energy LLC","QHSE                ","C557700002","2555"
"Kuwait","Gulf Energy LLC","TRANSPORTATION      ","C557700003","2555"
"Kuwait","Gulf Energy LLC","FACILITY            ","C557700004","2555"
"Kuwait","Gulf Energy LLC","TECHNICAL MANAGEMENT","C557700005","2555"
"Kuwait","Gulf Energy LLC","LAB CTU & CMT       ","C557700006","2555"
"Kuwait","Gulf Energy LLC","WAREHOUSE           ","C557700007","2555"
"Kuwait","Gulf Energy LLC","LOGISTICS           ","C557700008","2555"
"Kuwait","Gulf Energy LLC","SUPPLY CHAIN        ","C558800001","2555"
"Kuwait","Gulf Energy LLC","FINANCE             ","C558800002","2555"
"Kuwait","Gulf Energy LLC","OFFICE FACILITY     ","C558800003","2555"
"Kuwait","Gulf Energy LLC","ADMIN GOVT & SECURIT","C558800004","2555"
"Kuwait","Gulf Energy LLC","BUSINESS DEVELOPMENT","C558800005","2555"
"Kuwait","Gulf Energy LLC","IT                  ","C558800006","2555"
"Kuwait","Gulf Energy LLC","HUMAN RESOURCES     ","C558800007","2555"
"Kuwait","Gulf Energy LLC","INTERNS             ","C558800008","2555"
"Kuwait","Gulf Energy LLC","MANAGEMENT          ","C558800009","2555"
"Kuwait","Gulf Energy LLC","LEGAL               ","C558800010","2555"
"Kuwait","Gulf Energy LLC","KUWAIT HQ OVERHEAD  ","C559960001","2555"
"Kuwait","Gulf Energy LLC","ELIMINATIONS        ","C559999999","2555"
"Qatar","NOWMCO","CEMENTING           ","C601100101","2660"
"Qatar","NOWMCO","CEMENT DHT          ","C601100201","2660"
"Qatar","NOWMCO","COILED TUBING       ","C601110101","2660"
"Qatar","NOWMCO","COILED TUBING DHT   ","C601110201","2660"
"Qatar","NOWMCO","COILED TUBING UNCONV","C601110301","2660"
"Qatar","NOWMCO","PIPELINES           ","C601140101","2660"
"Qatar","NOWMCO","GROSS LEAK TEST -GLT","C601140401","2660"
"Qatar","NOWMCO","HYDRO TESTING       ","C601140501","2660"
"Qatar","NOWMCO","COMMIS LEAK TEST-CLT","C601140601","2660"
"Qatar","NOWMCO","NITROGEN PURGE      ","C601140701","2660"
"Qatar","NOWMCO","NITROGEN            ","C601150101","2660"
"Qatar","NOWMCO","STIMULATION         ","C601170101","2660"
"Qatar","NOWMCO","SURFACE TESTING     ","C602300101","2660"
"Qatar","NOWMCO","MP FLOW METER       ","C602300201","2660"
"Qatar","NOWMCO","WELL TEST-LSTK SITES","C602300401","2660"
"Qatar","NOWMCO","WL LOG - OPEN HOLE  ","C602310101","2660"
"Qatar","NOWMCO","WL LOG - RS         ","C602310501","2660"
"Qatar","NOWMCO","SLICKLINE           ","C602320101","2660"
"Qatar","NOWMCO","BITS                ","C603400101","2660"
"Qatar","NOWMCO","TUBULAR RUNNING SERV","C603420101","2660"
"Qatar","NOWMCO","FISHING SERVICES    ","C603450101","2660"
"Qatar","NOWMCO","RIGS                ","C603490101","2660"
"Qatar","NOWMCO","THROUGH TUBING      ","C603500101","2660"
"Qatar","NOWMCO","WATER & PROD ASSURAN","C604600101","2660"
"Qatar","NOWMCO","EMISSIONS CONTROL   ","C604610101","2660"
"Qatar","NOWMCO","MAINTENAN & WORKSHOP","C607700001","2660"
"Qatar","NOWMCO","QHSE                ","C607700002","2660"
"Qatar","NOWMCO","TRANSPORTATION      ","C607700003","2660"
"Qatar","NOWMCO","FACILITY            ","C607700004","2660"
"Qatar","NOWMCO","TECHNICAL MANAGEMENT","C607700005","2660"
"Qatar","NOWMCO","LAB CTU & CMT       ","C607700006","2660"
"Qatar","NOWMCO","WAREHOUSE           ","C607700007","2660"
"Qatar","NOWMCO","LOGISTICS           ","C607700008","2660"
"Qatar","NOWMCO","SUPPLY CHAIN        ","C608800001","2660"
"Qatar","NOWMCO","FINANCE             ","C608800002","2660"
"Qatar","NOWMCO","OFFICE FACILITY     ","C608800003","2660"
"Qatar","NOWMCO","ADMIN GOVT & SECURIT","C608800004","2660"
"Qatar","NOWMCO","BUSINESS DEVELOPMENT","C608800005","2660"
"Qatar","NOWMCO","IT                  ","C608800006","2660"
"Qatar","NOWMCO","HUMAN RESOURCES     ","C608800007","2660"
"Qatar","NOWMCO","INTERNS             ","C608800008","2660"
"Qatar","NOWMCO","MANAGEMENT          ","C608800009","2660"
"Qatar","NOWMCO","LEGAL               ","C608800010","2660"
"Qatar","NOWMCO","QATAR HQ OVERHEAD   ","C609960001","2660"
"Qatar","NOWMCO","ELIMINATIONS        ","C609999999","2660"
"Qatar","NESR Oil and Gas Services - Qatar","CEMENTING           ","C611100101","2661"
"Qatar","NESR Oil and Gas Services - Qatar","CEMENT DHT          ","C611100201","2661"
"Qatar","NESR Oil and Gas Services - Qatar","OVERHEAD CEMENTING  ","C611109901","2661"
"Qatar","NESR Oil and Gas Services - Qatar","COILED TUBING       ","C611110101","2661"
"Qatar","NESR Oil and Gas Services - Qatar","COILED TUBING DHT   ","C611110201","2661"
"Qatar","NESR Oil and Gas Services - Qatar","COILED TUBING UNCONV","C611110301","2661"
"Qatar","NESR Oil and Gas Services - Qatar","OVERHEAD CTU        ","C611119901","2661"
"Qatar","NESR Oil and Gas Services - Qatar","OVERHEAD FRAC       ","C611139901","2661"
"Qatar","NESR Oil and Gas Services - Qatar","PIPELINES           ","C611140101","2661"
"Qatar","NESR Oil and Gas Services - Qatar","GROSS LEAK TEST -GLT","C611140401","2661"
"Qatar","NESR Oil and Gas Services - Qatar","HYDRO TESTING       ","C611140501","2661"
"Qatar","NESR Oil and Gas Services - Qatar","COMMIS LEAK TEST-CLT","C611140601","2661"
"Qatar","NESR Oil and Gas Services - Qatar","NITROGEN PURGE      ","C611140701","2661"
"Qatar","NESR Oil and Gas Services - Qatar","OVERHEAD PIS        ","C611149901","2661"
"Qatar","NESR Oil and Gas Services - Qatar","NITROGEN            ","C611150101","2661"
"Qatar","NESR Oil and Gas Services - Qatar","STIMULATION         ","C611170101","2661"
"Qatar","NESR Oil and Gas Services - Qatar","OVERHEAD STIM       ","C611179901","2661"
"Qatar","NESR Oil and Gas Services - Qatar","SURFACE TESTING     ","C612300101","2661"
"Qatar","NESR Oil and Gas Services - Qatar","MP FLOW METER       ","C612300201","2661"
"Qatar","NESR Oil and Gas Services - Qatar","WELL TEST-LSTK SITES","C612300401","2661"
"Qatar","NESR Oil and Gas Services - Qatar","OVERHEAD WTS        ","C612309901","2661"
"Qatar","NESR Oil and Gas Services - Qatar","WL LOG - OPEN HOLE  ","C612310101","2661"
"Qatar","NESR Oil and Gas Services - Qatar","OVERHEAD LOGGING    ","C612319901","2661"
"Qatar","NESR Oil and Gas Services - Qatar","SLICKLINE           ","C612320101","2661"
"Qatar","NESR Oil and Gas Services - Qatar","OVERHEAD SLICK LINE ","C612329901","2661"
"Qatar","NESR Oil and Gas Services - Qatar","BITS                ","C613400101","2661"
"Qatar","NESR Oil and Gas Services - Qatar","OVERHEAD BITS       ","C613409901","2661"
"Qatar","NESR Oil and Gas Services - Qatar","DIRECTIONAL DRILLING","C613410101","2661"
"Qatar","NESR Oil and Gas Services - Qatar"," KBOS               ","C613410701","2661"
"Qatar","NESR Oil and Gas Services - Qatar","OVERHEAD DRILLING   ","C613419901","2661"
"Qatar","NESR Oil and Gas Services - Qatar","TUBULAR RUNNING SERV","C613420101","2661"
"Qatar","NESR Oil and Gas Services - Qatar","OVERHEAD TRS        ","C613429901","2661"
"Qatar","NESR Oil and Gas Services - Qatar","DOWN HOLE TOOLS     ","C613430101","2661"
"Qatar","NESR Oil and Gas Services - Qatar","OVERHEAD DS         ","C613439901","2661"
"Qatar","NESR Oil and Gas Services - Qatar","FISHING SERVICES    ","C613450101","2661"
"Qatar","NESR Oil and Gas Services - Qatar","OVERHEAD FISHING    ","C613459901","2661"
"Qatar","NESR Oil and Gas Services - Qatar","THROUGH TUBING      ","C613500101","2661"
"Qatar","NESR Oil and Gas Services - Qatar","OVERHEAD THT        ","C613509901","2661"
"Qatar","NESR Oil and Gas Services - Qatar","WATER & PROD ASSURAN","C614600101","2661"
"Qatar","NESR Oil and Gas Services - Qatar","OVERHEAD ESG COST   ","C614609901","2661"
"Qatar","NESR Oil and Gas Services - Qatar","EMISSIONS CONTROL   ","C614610101","2661"
"Qatar","NESR Oil and Gas Services - Qatar","MAINTENAN & WORKSHOP","C617700001","2661"
"Qatar","NESR Oil and Gas Services - Qatar","QHSE                ","C617700002","2661"
"Qatar","NESR Oil and Gas Services - Qatar","TRANSPORTATION      ","C617700003","2661"
"Qatar","NESR Oil and Gas Services - Qatar","FACILITY            ","C617700004","2661"
"Qatar","NESR Oil and Gas Services - Qatar","TECHNICAL MANAGEMENT","C617700005","2661"
"Qatar","NESR Oil and Gas Services - Qatar","LAB CTU & CMT       ","C617700006","2661"
"Qatar","NESR Oil and Gas Services - Qatar","WAREHOUSE           ","C617700007","2661"
"Qatar","NESR Oil and Gas Services - Qatar","LOGISTICS           ","C617700008","2661"
"Qatar","NESR Oil and Gas Services - Qatar","OVERHEAD MAINT&WORKS","C617709901","2661"
"Qatar","NESR Oil and Gas Services - Qatar","OVERHEAD QHSE       ","C617709902","2661"
"Qatar","NESR Oil and Gas Services - Qatar","OVERHEAD TRANSPORT  ","C617709903","2661"
"Qatar","NESR Oil and Gas Services - Qatar","OVERHEAD FACILITY   ","C617709904","2661"
"Qatar","NESR Oil and Gas Services - Qatar","OVERHEAD TECH. MANAG","C617709905","2661"
"Qatar","NESR Oil and Gas Services - Qatar","OVERHEAD LAB CTU&CMT","C617709906","2661"
"Qatar","NESR Oil and Gas Services - Qatar","OVERHEAD WAREHOUSE  ","C617709907","2661"
"Qatar","NESR Oil and Gas Services - Qatar","OVERHEAD LOGISTICS  ","C617709908","2661"
"Qatar","NESR Oil and Gas Services - Qatar","SUPPLY CHAIN        ","C618800001","2661"
"Qatar","NESR Oil and Gas Services - Qatar","FINANCE             ","C618800002","2661"
"Qatar","NESR Oil and Gas Services - Qatar","OFFICE FACILITY     ","C618800003","2661"
"Qatar","NESR Oil and Gas Services - Qatar","ADMIN GOVT & SECURIT","C618800004","2661"
"Qatar","NESR Oil and Gas Services - Qatar","BUSINESS DEVELOPMENT","C618800005","2661"
"Qatar","NESR Oil and Gas Services - Qatar","IT                  ","C618800006","2661"
"Qatar","NESR Oil and Gas Services - Qatar","HUMAN RESOURCES     ","C618800007","2661"
"Qatar","NESR Oil and Gas Services - Qatar","INTERNS             ","C618800008","2661"
"Qatar","NESR Oil and Gas Services - Qatar","MANAGEMENT          ","C618800009","2661"
"Qatar","NESR Oil and Gas Services - Qatar","LEGAL               ","C618800010","2661"
"Qatar","NESR Oil and Gas Services - Qatar","OVERHEAD SUPPL CHAIN","C618809901","2661"
"Qatar","NESR Oil and Gas Services - Qatar","OVERHEAD FINANCE    ","C618809902","2661"
"Qatar","NESR Oil and Gas Services - Qatar","OVERHEAD OFFICE FACI","C618809903","2661"
"Qatar","NESR Oil and Gas Services - Qatar","OVERHEAD ADMIN GOVT ","C618809904","2661"
"Qatar","NESR Oil and Gas Services - Qatar","OVERHEAD MARKETING  ","C618809905","2661"
"Qatar","NESR Oil and Gas Services - Qatar","OVERHEAD IT         ","C618809906","2661"
"Qatar","NESR Oil and Gas Services - Qatar","OVERHEAD HUMAN RESOU","C618809907","2661"
"Qatar","NESR Oil and Gas Services - Qatar","OVERHEAD INTERNS    ","C618809908","2661"
"Qatar","NESR Oil and Gas Services - Qatar","OVERHEAD MANAGEMENT ","C618809909","2661"
"Qatar","NESR Oil and Gas Services - Qatar","OVERHEAD LEGAL      ","C618809910","2661"
"Qatar","NESR Oil and Gas Services - Qatar","HUB - SUPPLY CHAIN  ","C618890001","2661"
"Qatar","NESR Oil and Gas Services - Qatar","HUB - FINANCE       ","C618890002","2661"
"Qatar","NESR Oil and Gas Services - Qatar","HUB - FACILITY      ","C618890003","2661"
"Qatar","NESR Oil and Gas Services - Qatar","HUB-ADMIN,GOVT&SECUR","C618890004","2661"
"Qatar","NESR Oil and Gas Services - Qatar","HUB - MARKETING     ","C618890005","2661"
"Qatar","NESR Oil and Gas Services - Qatar","HUB - IT            ","C618890006","2661"
"Qatar","NESR Oil and Gas Services - Qatar","HUB - HR            ","C618890007","2661"
"Qatar","NESR Oil and Gas Services - Qatar","HUB - INTERNS       ","C618890008","2661"
"Qatar","NESR Oil and Gas Services - Qatar","HUB - MANAGEMENT    ","C618890009","2661"
"Qatar","NESR Oil and Gas Services - Qatar","KSA HQ OVERHEAD     ","C619960001","2661"
"Qatar","NESR Oil and Gas Services - Qatar","EGYPT HQ OVERHEAD   ","C619960002","2661"
"Qatar","NESR Oil and Gas Services - Qatar","OMAN HQ OVERHEAD    ","C619960003","2661"
"Qatar","NESR Oil and Gas Services - Qatar","ALGERIA HQ OVERHEAD ","C619960004","2661"
"Qatar","NESR Oil and Gas Services - Qatar","UAE HQ OVERHEAD     ","C619960005","2661"
"Qatar","NESR Oil and Gas Services - Qatar","QATAR HQ OVERHEAD   ","C619960006","2661"
"Qatar","NESR Oil and Gas Services - Qatar","IRAQ HQ OVERHEAD    ","C619960007","2661"
"Qatar","NESR Oil and Gas Services - Qatar","INDIA HQ OVERHEAD   ","C619960008","2661"
"Qatar","NESR Oil and Gas Services - Qatar","LIBYA HQ OVERHEAD   ","C619960009","2661"
"Qatar","NESR Oil and Gas Services - Qatar","INDONESIA HQ OVERH. ","C619960010","2661"
"Qatar","NESR Oil and Gas Services - Qatar","KUWAIT HQ OVERHEAD  ","C619960011","2661"
"Qatar","NESR Oil and Gas Services - Qatar","SSA HQ OVERHEAD     ","C619960012","2661"
"Qatar","NESR Oil and Gas Services - Qatar","YEMEN HQ OVERHEAD   ","C619960013","2661"
"Qatar","NESR Oil and Gas Services - Qatar","JORDAN HQ OVERHEAD  ","C619960014","2661"
"Qatar","NESR Oil and Gas Services - Qatar","QATAR HQ OVERHEAD   ","C619960099","2661"
"Qatar","NESR Oil and Gas Services - Qatar","ELIMINATIONS        ","C619999999","2661"
"Iraq","NPS Bahrain for Oil & Gas Well Services WLL- North Iraq","CEMENTING           ","C641100101","2764"
"Iraq","NPS Bahrain for Oil & Gas Well Services WLL- North Iraq","COILED TUBING       ","C641110101","2764"
"Iraq","NPS Bahrain for Oil & Gas Well Services WLL- North Iraq","COILED TUBING DHT   ","C641110201","2764"
"Iraq","NPS Bahrain for Oil & Gas Well Services WLL- North Iraq","FILTRATION          ","C641120101","2764"
"Iraq","NPS Bahrain for Oil & Gas Well Services WLL- North Iraq","HYDRAULIC FRAC UNCON","C641130301","2764"
"Iraq","NPS Bahrain for Oil & Gas Well Services WLL- North Iraq","PIPELINES           ","C641140101","2764"
"Iraq","NPS Bahrain for Oil & Gas Well Services WLL- North Iraq","GROSS LEAK TEST -GLT","C641140401","2764"
"Iraq","NPS Bahrain for Oil & Gas Well Services WLL- North Iraq","HYDRO TESTING       ","C641140501","2764"
"Iraq","NPS Bahrain for Oil & Gas Well Services WLL- North Iraq","NITROGEN PURGE      ","C641140701","2764"
"Iraq","NPS Bahrain for Oil & Gas Well Services WLL- North Iraq","NITROGEN            ","C641150101","2764"
"Iraq","NPS Bahrain for Oil & Gas Well Services WLL- North Iraq","STIMULATION         ","C641170101","2764"
"Iraq","NPS Bahrain for Oil & Gas Well Services WLL- North Iraq","ARTIFICIAL LIFT SERV","C641180101","2764"
"Iraq","NPS Bahrain for Oil & Gas Well Services WLL- North Iraq","SURFACE TESTING     ","C642300101","2764"
"Iraq","NPS Bahrain for Oil & Gas Well Services WLL- North Iraq","MP FLOW METER       ","C642300201","2764"
"Iraq","NPS Bahrain for Oil & Gas Well Services WLL- North Iraq","WL LOG - OPEN HOLE  ","C642310101","2764"
"Iraq","NPS Bahrain for Oil & Gas Well Services WLL- North Iraq","WL LOG-CASED HOLE   ","C642310201","2764"
"Iraq","NPS Bahrain for Oil & Gas Well Services WLL- North Iraq","SLICKLINE           ","C642320101","2764"
"Iraq","NPS Bahrain for Oil & Gas Well Services WLL- North Iraq","DIRECTIONAL DRILLING","C643410101","2764"
"Iraq","NPS Bahrain for Oil & Gas Well Services WLL- North Iraq","DOWN HOLE TOOLS     ","C643430101","2764"
"Iraq","NPS Bahrain for Oil & Gas Well Services WLL- North Iraq","DRILLING FLUIDS     ","C643440101","2764"
"Iraq","NPS Bahrain for Oil & Gas Well Services WLL- North Iraq","FISHING SERVICES    ","C643450101","2764"
"Iraq","NPS Bahrain for Oil & Gas Well Services WLL- North Iraq","RIGS                ","C643490101","2764"
"Iraq","NPS Bahrain for Oil & Gas Well Services WLL- North Iraq","THROUGH TUBING      ","C643500101","2764"
"Iraq","NPS Bahrain for Oil & Gas Well Services WLL- North Iraq","WATER & PROD ASSURAN","C644600101","2764"
"Iraq","NPS Bahrain for Oil & Gas Well Services WLL- North Iraq","FLARE CAPTURE       ","C644620101","2764"
"Iraq","NPS Bahrain for Oil & Gas Well Services WLL- North Iraq","HEAT AND GEOTHERMAL ","C644630101","2764"
"Iraq","NPS Bahrain for Oil & Gas Well Services WLL- North Iraq","MAINTENAN & WORKSHOP","C647700001","2764"
"Iraq","NPS Bahrain for Oil & Gas Well Services WLL- North Iraq","QHSE                ","C647700002","2764"
"Iraq","NPS Bahrain for Oil & Gas Well Services WLL- North Iraq","TRANSPORTATION      ","C647700003","2764"
"Iraq","NPS Bahrain for Oil & Gas Well Services WLL- North Iraq","FACILITY            ","C647700004","2764"
"Iraq","NPS Bahrain for Oil & Gas Well Services WLL- North Iraq","TECHNICAL MANAGEMENT","C647700005","2764"
"Iraq","NPS Bahrain for Oil & Gas Well Services WLL- North Iraq","LAB CTU & CMT       ","C647700006","2764"
"Iraq","NPS Bahrain for Oil & Gas Well Services WLL- North Iraq","WAREHOUSE           ","C647700007","2764"
"Iraq","NPS Bahrain for Oil & Gas Well Services WLL- North Iraq","LOGISTICS           ","C647700008","2764"
"Iraq","NPS Bahrain for Oil & Gas Well Services WLL- North Iraq","SUPPLY CHAIN        ","C648800001","2764"
"Iraq","NPS Bahrain for Oil & Gas Well Services WLL- North Iraq","FINANCE             ","C648800002","2764"
"Iraq","NPS Bahrain for Oil & Gas Well Services WLL- North Iraq","OFFICE FACILITY     ","C648800003","2764"
"Iraq","NPS Bahrain for Oil & Gas Well Services WLL- North Iraq","ADMIN GOVT & SECURIT","C648800004","2764"
"Iraq","NPS Bahrain for Oil & Gas Well Services WLL- North Iraq","BUSINESS DEVELOPMENT","C648800005","2764"
"Iraq","NPS Bahrain for Oil & Gas Well Services WLL- North Iraq","IT                  ","C648800006","2764"
"Iraq","NPS Bahrain for Oil & Gas Well Services WLL- North Iraq","HUMAN RESOURCES     ","C648800007","2764"
"Iraq","NPS Bahrain for Oil & Gas Well Services WLL- North Iraq","INTERNS             ","C648800008","2764"
"Iraq","NPS Bahrain for Oil & Gas Well Services WLL- North Iraq","MANAGEMENT          ","C648800009","2764"
"Iraq","NPS Bahrain for Oil & Gas Well Services WLL- North Iraq","LEGAL               ","C648800010","2764"
"Iraq","NPS Bahrain for Oil & Gas Well Services WLL- North Iraq","IRAQ HQ OVERHEAD    ","C649960001","2764"
"Iraq","NPS Bahrain for Oil & Gas Well Services WLL- North Iraq","ELIMINATIONS        ","C649999999","2764"
"Iraq","NESR DMCC- Iraq South","CEMENTING           ","C651100101","2765"
"Iraq","NESR DMCC- Iraq South","COILED TUBING       ","C651110101","2765"
"Iraq","NESR DMCC- Iraq South","COILED TUBING DHT   ","C651110201","2765"
"Iraq","NESR DMCC- Iraq South","FILTRATION          ","C651120101","2765"
"Iraq","NESR DMCC- Iraq South","PIPELINES           ","C651140101","2765"
"Iraq","NESR DMCC- Iraq South","NITROGEN PURGE      ","C651140701","2765"
"Iraq","NESR DMCC- Iraq South","NITROGEN            ","C651150101","2765"
"Iraq","NESR DMCC- Iraq South","STIMULATION         ","C651170101","2765"
"Iraq","NESR DMCC- Iraq South","SURFACE TESTING     ","C652300101","2765"
"Iraq","NESR DMCC- Iraq South","MP FLOW METER       ","C652300201","2765"
"Iraq","NESR DMCC- Iraq South","WL LOG - OPEN HOLE  ","C652310101","2765"
"Iraq","NESR DMCC- Iraq South","WL LOG-CASED HOLE   ","C652310201","2765"
"Iraq","NESR DMCC- Iraq South","WL LOG - RS         ","C652310501","2765"
"Iraq","NESR DMCC- Iraq South","SLICKLINE           ","C652320101","2765"
"Iraq","NESR DMCC- Iraq South","DIRECTIONAL DRILLING","C653410101","2765"
"Iraq","NESR DMCC- Iraq South","TUBULAR RUNNING SERV","C653420101","2765"
"Iraq","NESR DMCC- Iraq South","DOWN HOLE TOOLS     ","C653430101","2765"
"Iraq","NESR DMCC- Iraq South","DRILLING FLUIDS     ","C653440101","2765"
"Iraq","NESR DMCC- Iraq South","FISHING SERVICES    ","C653450101","2765"
"Iraq","NESR DMCC- Iraq South","RIGS                ","C653490101","2765"
"Iraq","NESR DMCC- Iraq South","THROUGH TUBING      ","C653500101","2765"
"Iraq","NESR DMCC- Iraq South","OTHER WELL HEADS    ","C653510201","2765"
"Iraq","NESR DMCC- Iraq South","WATER & PROD ASSURAN","C654600101","2765"
"Iraq","NESR DMCC- Iraq South","FLARE CAPTURE       ","C654620101","2765"
"Iraq","NESR DMCC- Iraq South","HEAT AND GEOTHERMAL ","C654630101","2765"
"Iraq","NESR DMCC- Iraq South","MAINTENAN & WORKSHOP","C657700001","2765"
"Iraq","NESR DMCC- Iraq South","QHSE                ","C657700002","2765"
"Iraq","NESR DMCC- Iraq South","TRANSPORTATION      ","C657700003","2765"
"Iraq","NESR DMCC- Iraq South","FACILITY            ","C657700004","2765"
"Iraq","NESR DMCC- Iraq South","TECHNICAL MANAGEMENT","C657700005","2765"
"Iraq","NESR DMCC- Iraq South","LAB CTU & CMT       ","C657700006","2765"
"Iraq","NESR DMCC- Iraq South","WAREHOUSE           ","C657700007","2765"
"Iraq","NESR DMCC- Iraq South","LOGISTICS           ","C657700008","2765"
"Iraq","NESR DMCC- Iraq South","SUPPLY CHAIN        ","C658800001","2765"
"Iraq","NESR DMCC- Iraq South","FINANCE             ","C658800002","2765"
"Iraq","NESR DMCC- Iraq South","OFFICE FACILITY     ","C658800003","2765"
"Iraq","NESR DMCC- Iraq South","ADMIN GOVT & SECURIT","C658800004","2765"
"Iraq","NESR DMCC- Iraq South","BUSINESS DEVELOPMENT","C658800005","2765"
"Iraq","NESR DMCC- Iraq South","IT                  ","C658800006","2765"
"Iraq","NESR DMCC- Iraq South","HUMAN RESOURCES     ","C658800007","2765"
"Iraq","NESR DMCC- Iraq South","INTERNS             ","C658800008","2765"
"Iraq","NESR DMCC- Iraq South","MANAGEMENT          ","C658800009","2765"
"Iraq","NESR DMCC- Iraq South","LEGAL               ","C658800010","2765"
"Iraq","NESR DMCC- Iraq South","IRAQ HQ OVERHEAD    ","C659960001","2765"
"Iraq","NESR DMCC- Iraq South","ELIMINATIONS        ","C659999999","2765"
"Yemen","Gulf Energy Services , Yemen Branch – Sanaa","CEMENTING           ","C681100101","2868"
"Yemen","Gulf Energy Services , Yemen Branch – Sanaa","DIRECTIONAL DRILLING","C683410101","2868"
"Yemen","Gulf Energy Services , Yemen Branch – Sanaa","TUBULAR RUNNING SERV","C683420101","2868"
"Yemen","Gulf Energy Services , Yemen Branch – Sanaa","DOWN HOLE TOOLS     ","C683430101","2868"
"Yemen","Gulf Energy Services , Yemen Branch – Sanaa","FISHING SERVICES    ","C683450101","2868"
"Yemen","Gulf Energy Services , Yemen Branch – Sanaa","RIGS                ","C683490101","2868"
"Yemen","Gulf Energy Services , Yemen Branch – Sanaa","MAINTENAN & WORKSHOP","C687700001","2868"
"Yemen","Gulf Energy Services , Yemen Branch – Sanaa","QHSE                ","C687700002","2868"
"Yemen","Gulf Energy Services , Yemen Branch – Sanaa","TRANSPORTATION      ","C687700003","2868"
"Yemen","Gulf Energy Services , Yemen Branch – Sanaa","FACILITY            ","C687700004","2868"
"Yemen","Gulf Energy Services , Yemen Branch – Sanaa","TECHNICAL MANAGEMENT","C687700005","2868"
"Yemen","Gulf Energy Services , Yemen Branch – Sanaa","LAB CTU & CMT       ","C687700006","2868"
"Yemen","Gulf Energy Services , Yemen Branch – Sanaa","WAREHOUSE           ","C687700007","2868"
"Yemen","Gulf Energy Services , Yemen Branch – Sanaa","LOGISTICS           ","C687700008","2868"
"Yemen","Gulf Energy Services , Yemen Branch – Sanaa","SUPPLY CHAIN        ","C688800001","2868"
"Yemen","Gulf Energy Services , Yemen Branch – Sanaa","FINANCE             ","C688800002","2868"
"Yemen","Gulf Energy Services , Yemen Branch – Sanaa","OFFICE FACILITY     ","C688800003","2868"
"Yemen","Gulf Energy Services , Yemen Branch – Sanaa","ADMIN GOVT & SECURIT","C688800004","2868"
"Yemen","Gulf Energy Services , Yemen Branch – Sanaa","BUSINESS DEVELOPMENT","C688800005","2868"
"Yemen","Gulf Energy Services , Yemen Branch – Sanaa","IT                  ","C688800006","2868"
"Yemen","Gulf Energy Services , Yemen Branch – Sanaa","HUMAN RESOURCES     ","C688800007","2868"
"Yemen","Gulf Energy Services , Yemen Branch – Sanaa","INTERNS             ","C688800008","2868"
"Yemen","Gulf Energy Services , Yemen Branch – Sanaa","MANAGEMENT          ","C688800009","2868"
"Yemen","Gulf Energy Services , Yemen Branch – Sanaa","LEGAL               ","C688800010","2868"
"Yemen","Gulf Energy Services , Yemen Branch – Sanaa","YEMEN HQ OVERHEAD   ","C689960001","2868"
"Yemen","Gulf Energy Services , Yemen Branch – Sanaa","ELIMINATIONS        ","C689999999","2868"
"Yemen","Gulf Energy Services , Yemen Branch – Mukalla","CEMENTING           ","C691100101","2869"
"Yemen","Gulf Energy Services , Yemen Branch – Mukalla","COMPLETIONS         ","C691190101","2869"
"Yemen","Gulf Energy Services , Yemen Branch – Mukalla","TUBULAR RUNNING SERV","C693420101","2869"
"Yemen","Gulf Energy Services , Yemen Branch – Mukalla","DOWN HOLE TOOLS     ","C693430101","2869"
"Yemen","Gulf Energy Services , Yemen Branch – Mukalla","FISHING SERVICES    ","C693450101","2869"
"Yemen","Gulf Energy Services , Yemen Branch – Mukalla","RIGS                ","C693490101","2869"
"Yemen","Gulf Energy Services , Yemen Branch – Mukalla","MAINTENAN & WORKSHOP","C697700001","2869"
"Yemen","Gulf Energy Services , Yemen Branch – Mukalla","QHSE                ","C697700002","2869"
"Yemen","Gulf Energy Services , Yemen Branch – Mukalla","TRANSPORTATION      ","C697700003","2869"
"Yemen","Gulf Energy Services , Yemen Branch – Mukalla","FACILITY            ","C697700004","2869"
"Yemen","Gulf Energy Services , Yemen Branch – Mukalla","TECHNICAL MANAGEMENT","C697700005","2869"
"Yemen","Gulf Energy Services , Yemen Branch – Mukalla","LAB CTU & CMT       ","C697700006","2869"
"Yemen","Gulf Energy Services , Yemen Branch – Mukalla","WAREHOUSE           ","C697700007","2869"
"Yemen","Gulf Energy Services , Yemen Branch – Mukalla","LOGISTICS           ","C697700008","2869"
"Yemen","Gulf Energy Services , Yemen Branch – Mukalla","SUPPLY CHAIN        ","C698800001","2869"
"Yemen","Gulf Energy Services , Yemen Branch – Mukalla","FINANCE             ","C698800002","2869"
"Yemen","Gulf Energy Services , Yemen Branch – Mukalla","OFFICE FACILITY     ","C698800003","2869"
"Yemen","Gulf Energy Services , Yemen Branch – Mukalla","ADMIN GOVT & SECURIT","C698800004","2869"
"Yemen","Gulf Energy Services , Yemen Branch – Mukalla","BUSINESS DEVELOPMENT","C698800005","2869"
"Yemen","Gulf Energy Services , Yemen Branch – Mukalla","IT                  ","C698800006","2869"
"Yemen","Gulf Energy Services , Yemen Branch – Mukalla","HUMAN RESOURCES     ","C698800007","2869"
"Yemen","Gulf Energy Services , Yemen Branch – Mukalla","INTERNS             ","C698800008","2869"
"Yemen","Gulf Energy Services , Yemen Branch – Mukalla","MANAGEMENT          ","C698800009","2869"
"Yemen","Gulf Energy Services , Yemen Branch – Mukalla","LEGAL               ","C698800010","2869"
"Yemen","Gulf Energy Services , Yemen Branch – Mukalla","YEMEN HQ OVERHEAD   ","C699960001","2869"
"Yemen","Gulf Energy Services , Yemen Branch – Mukalla","ELIMINATIONS        ","C699999999","2869"
"Egypt","Sahara Petroleum Service - SAPESCO","CEMENTING           ","C701100101","3170"
"Egypt","Sahara Petroleum Service - SAPESCO","CEMENT DHT          ","C701100201","3170"
"Egypt","Sahara Petroleum Service - SAPESCO","OVERHEAD CEMENTING  ","C701109901","3170"
"Egypt","Sahara Petroleum Service - SAPESCO","COILED TUBING       ","C701110101","3170"
"Egypt","Sahara Petroleum Service - SAPESCO","COILED TUBING DHT   ","C701110201","3170"
"Egypt","Sahara Petroleum Service - SAPESCO","OVERHEAD CTU        ","C701119901","3170"
"Egypt","Sahara Petroleum Service - SAPESCO","HYDRAULIC FRACTURING","C701130101","3170"
"Egypt","Sahara Petroleum Service - SAPESCO","HYDRAULIC FRAC UNCON","C701130301","3170"
"Egypt","Sahara Petroleum Service - SAPESCO","OVERHEAD FRAC       ","C701139901","3170"
"Egypt","Sahara Petroleum Service - SAPESCO","PIPELINES           ","C701140101","3170"
"Egypt","Sahara Petroleum Service - SAPESCO","GROSS LEAK TEST -GLT","C701140401","3170"
"Egypt","Sahara Petroleum Service - SAPESCO","HYDRO TESTING       ","C701140501","3170"
"Egypt","Sahara Petroleum Service - SAPESCO","COMMIS LEAK TEST-CLT","C701140601","3170"
"Egypt","Sahara Petroleum Service - SAPESCO","NITROGEN PURGE      ","C701140701","3170"
"Egypt","Sahara Petroleum Service - SAPESCO","OVERHEAD PIS        ","C701149901","3170"
"Egypt","Sahara Petroleum Service - SAPESCO","NITROGEN            ","C701150101","3170"
"Egypt","Sahara Petroleum Service - SAPESCO","PROD & SPECIAL CHEM ","C701160101","3170"
"Egypt","Sahara Petroleum Service - SAPESCO","COMMODITY CHEMICALS ","C701160201","3170"
"Egypt","Sahara Petroleum Service - SAPESCO","STIMULATION         ","C701170101","3170"
"Egypt","Sahara Petroleum Service - SAPESCO","OVERHEAD STIM       ","C701179901","3170"
"Egypt","Sahara Petroleum Service - SAPESCO","SURFACE TESTING     ","C702300101","3170"
"Egypt","Sahara Petroleum Service - SAPESCO","OVERHEAD WTS        ","C702309901","3170"
"Egypt","Sahara Petroleum Service - SAPESCO","WL LOG - OPEN HOLE  ","C702310101","3170"
"Egypt","Sahara Petroleum Service - SAPESCO","WL LOG-CASED HOLE   ","C702310201","3170"
"Egypt","Sahara Petroleum Service - SAPESCO","WL LOG - TCP        ","C702310401","3170"
"Egypt","Sahara Petroleum Service - SAPESCO","OVERHEAD LOGGING    ","C702319901","3170"
"Egypt","Sahara Petroleum Service - SAPESCO","SLICKLINE           ","C702320101","3170"
"Egypt","Sahara Petroleum Service - SAPESCO","OVERHEAD SLICK LINE ","C702329901","3170"
"Egypt","Sahara Petroleum Service - SAPESCO","BITS                ","C703400101","3170"
"Egypt","Sahara Petroleum Service - SAPESCO","OVERHEAD BITS       ","C703409901","3170"
"Egypt","Sahara Petroleum Service - SAPESCO","DIRECTIONAL DRILLING","C703410101","3170"
"Egypt","Sahara Petroleum Service - SAPESCO","CORING SERVICES     ","C703410501","3170"
"Egypt","Sahara Petroleum Service - SAPESCO","MUD LOGGING         ","C703410601","3170"
"Egypt","Sahara Petroleum Service - SAPESCO","OVERHEAD DRILLING   ","C703419901","3170"
"Egypt","Sahara Petroleum Service - SAPESCO","TUBULAR RUNNING SERV","C703420101","3170"
"Egypt","Sahara Petroleum Service - SAPESCO","OVERHEAD TRS        ","C703429901","3170"
"Egypt","Sahara Petroleum Service - SAPESCO","DOWN HOLE TOOLS     ","C703430101","3170"
"Egypt","Sahara Petroleum Service - SAPESCO","OVERHEAD DS         ","C703439901","3170"
"Egypt","Sahara Petroleum Service - SAPESCO","WATER & PROD ASSURAN","C704600101","3170"
"Egypt","Sahara Petroleum Service - SAPESCO","OVERHEAD ESG COST   ","C704609901","3170"
"Egypt","Sahara Petroleum Service - SAPESCO","FLARE CAPTURE       ","C704620101","3170"
"Egypt","Sahara Petroleum Service - SAPESCO","MAINTENAN & WORKSHOP","C707700001","3170"
"Egypt","Sahara Petroleum Service - SAPESCO","QHSE                ","C707700002","3170"
"Egypt","Sahara Petroleum Service - SAPESCO","TRANSPORTATION      ","C707700003","3170"
"Egypt","Sahara Petroleum Service - SAPESCO","FACILITY            ","C707700004","3170"
"Egypt","Sahara Petroleum Service - SAPESCO","TECHNICAL MANAGEMENT","C707700005","3170"
"Egypt","Sahara Petroleum Service - SAPESCO","LAB CTU & CMT       ","C707700006","3170"
"Egypt","Sahara Petroleum Service - SAPESCO","WAREHOUSE           ","C707700007","3170"
"Egypt","Sahara Petroleum Service - SAPESCO","LOGISTICS           ","C707700008","3170"
"Egypt","Sahara Petroleum Service - SAPESCO","OVERHEAD MAINT&WORKS","C707709901","3170"
"Egypt","Sahara Petroleum Service - SAPESCO","OVERHEAD QHSE       ","C707709902","3170"
"Egypt","Sahara Petroleum Service - SAPESCO","OVERHEAD TRANSPORT  ","C707709903","3170"
"Egypt","Sahara Petroleum Service - SAPESCO","OVERHEAD FACILITY   ","C707709904","3170"
"Egypt","Sahara Petroleum Service - SAPESCO","OVERHEAD TECH. MANAG","C707709905","3170"
"Egypt","Sahara Petroleum Service - SAPESCO","OVERHEAD LAB CTU&CMT","C707709906","3170"
"Egypt","Sahara Petroleum Service - SAPESCO","OVERHEAD WAREHOUSE  ","C707709907","3170"
"Egypt","Sahara Petroleum Service - SAPESCO","OVERHEAD LOGISTICS  ","C707709908","3170"
"Egypt","Sahara Petroleum Service - SAPESCO","SUPPLY CHAIN        ","C708800001","3170"
"Egypt","Sahara Petroleum Service - SAPESCO","FINANCE             ","C708800002","3170"
"Egypt","Sahara Petroleum Service - SAPESCO","OFFICE FACILITY     ","C708800003","3170"
"Egypt","Sahara Petroleum Service - SAPESCO","ADMIN GOVT & SECURIT","C708800004","3170"
"Egypt","Sahara Petroleum Service - SAPESCO","BUSINESS DEVELOPMENT","C708800005","3170"
"Egypt","Sahara Petroleum Service - SAPESCO","IT                  ","C708800006","3170"
"Egypt","Sahara Petroleum Service - SAPESCO","HUMAN RESOURCES     ","C708800007","3170"
"Egypt","Sahara Petroleum Service - SAPESCO","INTERNS             ","C708800008","3170"
"Egypt","Sahara Petroleum Service - SAPESCO","MANAGEMENT          ","C708800009","3170"
"Egypt","Sahara Petroleum Service - SAPESCO","LEGAL               ","C708800010","3170"
"Egypt","Sahara Petroleum Service - SAPESCO","OVERHEAD SUPPL CHAIN","C708809901","3170"
"Egypt","Sahara Petroleum Service - SAPESCO","OVERHEAD FINANCE    ","C708809902","3170"
"Egypt","Sahara Petroleum Service - SAPESCO","OVERHEAD OFFICE FACI","C708809903","3170"
"Egypt","Sahara Petroleum Service - SAPESCO","OVERHEAD ADMIN GOVT ","C708809904","3170"
"Egypt","Sahara Petroleum Service - SAPESCO","OVERHEAD MARKETING  ","C708809905","3170"
"Egypt","Sahara Petroleum Service - SAPESCO","OVERHEAD IT         ","C708809906","3170"
"Egypt","Sahara Petroleum Service - SAPESCO","OVERHEAD HUMAN RESOU","C708809907","3170"
"Egypt","Sahara Petroleum Service - SAPESCO","OVERHEAD INTERNS    ","C708809908","3170"
"Egypt","Sahara Petroleum Service - SAPESCO","OVERHEAD MANAGEMENT ","C708809909","3170"
"Egypt","Sahara Petroleum Service - SAPESCO","OVERHEAD LEGAL      ","C708809910","3170"
"Egypt","Sahara Petroleum Service - SAPESCO","HUB - SUPPLY CHAIN  ","C708890001","3170"
"Egypt","Sahara Petroleum Service - SAPESCO","HUB - FINANCE       ","C708890002","3170"
"Egypt","Sahara Petroleum Service - SAPESCO","HUB - MARKETING     ","C708890005","3170"
"Egypt","Sahara Petroleum Service - SAPESCO","HUB - IT            ","C708890006","3170"
"Egypt","Sahara Petroleum Service - SAPESCO","HUB - HR            ","C708890007","3170"
"Egypt","Sahara Petroleum Service - SAPESCO","HUB - MANAGEMENT    ","C708890009","3170"
"Egypt","Sahara Petroleum Service - SAPESCO","HUB - LEGAL         ","C708890010","3170"
"Egypt","Sahara Petroleum Service - SAPESCO","HUB- SAP SYSTEM     ","C708890011","3170"
"Egypt","Sahara Petroleum Service - SAPESCO","HUB - COIL SERVICE  ","C708890012","3170"
"Egypt","Sahara Petroleum Service - SAPESCO","HUB-SURFACE TESTING ","C708890013","3170"
"Egypt","Sahara Petroleum Service - SAPESCO","HUB - DRILLING      ","C708890014","3170"
"Egypt","Sahara Petroleum Service - SAPESCO","KSA HQ OVERHEAD     ","C709960001","3170"
"Egypt","Sahara Petroleum Service - SAPESCO","EGYPT HQ OVERHEAD   ","C709960002","3170"
"Egypt","Sahara Petroleum Service - SAPESCO","OMAN HQ OVERHEAD    ","C709960003","3170"
"Egypt","Sahara Petroleum Service - SAPESCO","ALGERIA HQ OVERHEAD ","C709960004","3170"
"Egypt","Sahara Petroleum Service - SAPESCO","UAE HQ OVERHEAD     ","C709960005","3170"
"Egypt","Sahara Petroleum Service - SAPESCO","QATAR HQ OVERHEAD   ","C709960006","3170"
"Egypt","Sahara Petroleum Service - SAPESCO","IRAQ HQ OVERHEAD    ","C709960007","3170"
"Egypt","Sahara Petroleum Service - SAPESCO","INDIA HQ OVERHEAD   ","C709960008","3170"
"Egypt","Sahara Petroleum Service - SAPESCO","LIBYA HQ OVERHEAD   ","C709960009","3170"
"Egypt","Sahara Petroleum Service - SAPESCO","INDONESIA HQ OVERH. ","C709960010","3170"
"Egypt","Sahara Petroleum Service - SAPESCO","KUWAIT HQ OVERHEAD  ","C709960011","3170"
"Egypt","Sahara Petroleum Service - SAPESCO","SSA HQ OVERHEAD     ","C709960012","3170"
"Egypt","Sahara Petroleum Service - SAPESCO","YEMEN HQ OVERHEAD   ","C709960013","3170"
"Egypt","Sahara Petroleum Service - SAPESCO","JORDAN HQ OVERHEAD  ","C709960014","3170"
"Egypt","Sahara Petroleum Service - SAPESCO","EGYPT HQ OVERHEAD   ","C709960099","3170"
"Egypt","Sahara Petroleum Service - SAPESCO","ELIMINATIONS        ","C709999999","3170"
"Egypt","Sahara for Maint & Oper. Service LLC","CEMENTING           ","C741100101","3174"
"Egypt","Sahara for Maint & Oper. Service LLC","COILED TUBING       ","C741110101","3174"
"Egypt","Sahara for Maint & Oper. Service LLC","HYDRAULIC FRACTURING","C741130101","3174"
"Egypt","Sahara for Maint & Oper. Service LLC","PIPELINES           ","C741140101","3174"
"Egypt","Sahara for Maint & Oper. Service LLC","GROSS LEAK TEST -GLT","C741140401","3174"
"Egypt","Sahara for Maint & Oper. Service LLC","HYDRO TESTING       ","C741140501","3174"
"Egypt","Sahara for Maint & Oper. Service LLC","COMMIS LEAK TEST-CLT","C741140601","3174"
"Egypt","Sahara for Maint & Oper. Service LLC","NITROGEN PURGE      ","C741140701","3174"
"Egypt","Sahara for Maint & Oper. Service LLC","NITROGEN            ","C741150101","3174"
"Egypt","Sahara for Maint & Oper. Service LLC","PROD & SPECIAL CHEM ","C741160101","3174"
"Egypt","Sahara for Maint & Oper. Service LLC","STIMULATION         ","C741170101","3174"
"Egypt","Sahara for Maint & Oper. Service LLC","SURFACE TESTING     ","C742300101","3174"
"Egypt","Sahara for Maint & Oper. Service LLC","WL LOG-CASED HOLE   ","C742310201","3174"
"Egypt","Sahara for Maint & Oper. Service LLC","WL LOG - TCP        ","C742310401","3174"
"Egypt","Sahara for Maint & Oper. Service LLC","SLICKLINE           ","C742320101","3174"
"Egypt","Sahara for Maint & Oper. Service LLC","MUD LOGGING         ","C743410601","3174"
"Egypt","Sahara for Maint & Oper. Service LLC","TUBULAR RUNNING SERV","C743420101","3174"
"Egypt","Sahara for Maint & Oper. Service LLC","MAINTENAN & WORKSHOP","C747700001","3174"
"Egypt","Sahara for Maint & Oper. Service LLC","QHSE                ","C747700002","3174"
"Egypt","Sahara for Maint & Oper. Service LLC","TRANSPORTATION      ","C747700003","3174"
"Egypt","Sahara for Maint & Oper. Service LLC","FACILITY            ","C747700004","3174"
"Egypt","Sahara for Maint & Oper. Service LLC","TECHNICAL MANAGEMENT","C747700005","3174"
"Egypt","Sahara for Maint & Oper. Service LLC","LAB CTU & CMT       ","C747700006","3174"
"Egypt","Sahara for Maint & Oper. Service LLC","WAREHOUSE           ","C747700007","3174"
"Egypt","Sahara for Maint & Oper. Service LLC","LOGISTICS           ","C747700008","3174"
"Egypt","Sahara for Maint & Oper. Service LLC","SUPPLY CHAIN        ","C748800001","3174"
"Egypt","Sahara for Maint & Oper. Service LLC","FINANCE             ","C748800002","3174"
"Egypt","Sahara for Maint & Oper. Service LLC","OFFICE FACILITY     ","C748800003","3174"
"Egypt","Sahara for Maint & Oper. Service LLC","ADMIN GOVT & SECURIT","C748800004","3174"
"Egypt","Sahara for Maint & Oper. Service LLC","BUSINESS DEVELOPMENT","C748800005","3174"
"Egypt","Sahara for Maint & Oper. Service LLC","IT                  ","C748800006","3174"
"Egypt","Sahara for Maint & Oper. Service LLC","HUMAN RESOURCES     ","C748800007","3174"
"Egypt","Sahara for Maint & Oper. Service LLC","INTERNS             ","C748800008","3174"
"Egypt","Sahara for Maint & Oper. Service LLC","MANAGEMENT          ","C748800009","3174"
"Egypt","Sahara for Maint & Oper. Service LLC","LEGAL               ","C748800010","3174"
"Egypt","Sahara for Maint & Oper. Service LLC","EGYPT HQ OVERHEAD   ","C749960001","3174"
"Egypt","Sahara for Maint & Oper. Service LLC","ELIMINATIONS        ","C749999999","3174"
"Libya","NPS Bahrain for Oil & Gas Wells Services Libya bra","CEMENTING           ","C751100101","3275"
"Libya","NPS Bahrain for Oil & Gas Wells Services Libya bra","CEMENT DHT          ","C751100201","3275"
"Libya","NPS Bahrain for Oil & Gas Wells Services Libya bra","COILED TUBING       ","C751110101","3275"
"Libya","NPS Bahrain for Oil & Gas Wells Services Libya bra","HYDRAULIC FRACTURING","C751130101","3275"
"Libya","NPS Bahrain for Oil & Gas Wells Services Libya bra","PIPELINES           ","C751140101","3275"
"Libya","NPS Bahrain for Oil & Gas Wells Services Libya bra","NITROGEN            ","C751150101","3275"
"Libya","NPS Bahrain for Oil & Gas Wells Services Libya bra","STIMULATION         ","C751170101","3275"
"Libya","NPS Bahrain for Oil & Gas Wells Services Libya bra","ARTIFICIAL LIFT SERV","C751180101","3275"
"Libya","NPS Bahrain for Oil & Gas Wells Services Libya bra","ENGINEERING & CONSUL","C751200101","3275"
"Libya","NPS Bahrain for Oil & Gas Wells Services Libya bra","SURFACE TESTING     ","C752300101","3275"
"Libya","NPS Bahrain for Oil & Gas Wells Services Libya bra","WELL TEST-LSTK SITES","C752300401","3275"
"Libya","NPS Bahrain for Oil & Gas Wells Services Libya bra","WL LOG - OPEN HOLE  ","C752310101","3275"
"Libya","NPS Bahrain for Oil & Gas Wells Services Libya bra","WL LOG-CASED HOLE   ","C752310201","3275"
"Libya","NPS Bahrain for Oil & Gas Wells Services Libya bra","SLICKLINE           ","C752320101","3275"
"Libya","NPS Bahrain for Oil & Gas Wells Services Libya bra","DIRECTIONAL DRILLING","C753410101","3275"
"Libya","NPS Bahrain for Oil & Gas Wells Services Libya bra","DOWN HOLE TOOLS     ","C753430101","3275"
"Libya","NPS Bahrain for Oil & Gas Wells Services Libya bra","FISHING SERVICES    ","C753450101","3275"
"Libya","NPS Bahrain for Oil & Gas Wells Services Libya bra","RIGS                ","C753490101","3275"
"Libya","NPS Bahrain for Oil & Gas Wells Services Libya bra","THROUGH TUBING      ","C753500101","3275"
"Libya","NPS Bahrain for Oil & Gas Wells Services Libya bra","MAINTENAN & WORKSHOP","C757700001","3275"
"Libya","NPS Bahrain for Oil & Gas Wells Services Libya bra","QHSE                ","C757700002","3275"
"Libya","NPS Bahrain for Oil & Gas Wells Services Libya bra","TRANSPORTATION      ","C757700003","3275"
"Libya","NPS Bahrain for Oil & Gas Wells Services Libya bra","FACILITY            ","C757700004","3275"
"Libya","NPS Bahrain for Oil & Gas Wells Services Libya bra","TECHNICAL MANAGEMENT","C757700005","3275"
"Libya","NPS Bahrain for Oil & Gas Wells Services Libya bra","LAB CTU & CMT       ","C757700006","3275"
"Libya","NPS Bahrain for Oil & Gas Wells Services Libya bra","WAREHOUSE           ","C757700007","3275"
"Libya","NPS Bahrain for Oil & Gas Wells Services Libya bra","LOGISTICS           ","C757700008","3275"
"Libya","NPS Bahrain for Oil & Gas Wells Services Libya bra","SUPPLY CHAIN        ","C758800001","3275"
"Libya","NPS Bahrain for Oil & Gas Wells Services Libya bra","FINANCE             ","C758800002","3275"
"Libya","NPS Bahrain for Oil & Gas Wells Services Libya bra","OFFICE FACILITY     ","C758800003","3275"
"Libya","NPS Bahrain for Oil & Gas Wells Services Libya bra","ADMIN GOVT & SECURIT","C758800004","3275"
"Libya","NPS Bahrain for Oil & Gas Wells Services Libya bra","BUSINESS DEVELOPMENT","C758800005","3275"
"Libya","NPS Bahrain for Oil & Gas Wells Services Libya bra","IT                  ","C758800006","3275"
"Libya","NPS Bahrain for Oil & Gas Wells Services Libya bra","HUMAN RESOURCES     ","C758800007","3275"
"Libya","NPS Bahrain for Oil & Gas Wells Services Libya bra","INTERNS             ","C758800008","3275"
"Libya","NPS Bahrain for Oil & Gas Wells Services Libya bra","MANAGEMENT          ","C758800009","3275"
"Libya","NPS Bahrain for Oil & Gas Wells Services Libya bra","LEGAL               ","C758800010","3275"
"Libya","NPS Bahrain for Oil & Gas Wells Services Libya bra","LIBYA HQ OVERHEAD   ","C759960001","3275"
"Libya","NPS Bahrain for Oil & Gas Wells Services Libya bra","ELIMINATIONS        ","C759999999","3275"
"Libya","Sahara Petroleum Service - Libya Branch","CEMENTING           ","C761100101","3276"
"Libya","Sahara Petroleum Service - Libya Branch","COILED TUBING       ","C761110101","3276"
"Libya","Sahara Petroleum Service - Libya Branch","COILED TUBING DHT   ","C761110201","3276"
"Libya","Sahara Petroleum Service - Libya Branch","HYDRAULIC FRACTURING","C761130101","3276"
"Libya","Sahara Petroleum Service - Libya Branch","PIPELINES           ","C761140101","3276"
"Libya","Sahara Petroleum Service - Libya Branch","GROSS LEAK TEST -GLT","C761140401","3276"
"Libya","Sahara Petroleum Service - Libya Branch","HYDRO TESTING       ","C761140501","3276"
"Libya","Sahara Petroleum Service - Libya Branch","COMMIS LEAK TEST-CLT","C761140601","3276"
"Libya","Sahara Petroleum Service - Libya Branch","NITROGEN PURGE      ","C761140701","3276"
"Libya","Sahara Petroleum Service - Libya Branch","NITROGEN            ","C761150101","3276"
"Libya","Sahara Petroleum Service - Libya Branch","PROD & SPECIAL CHEM ","C761160101","3276"
"Libya","Sahara Petroleum Service - Libya Branch","STIMULATION         ","C761170101","3276"
"Libya","Sahara Petroleum Service - Libya Branch","ARTIFICIAL LIFT SERV","C761180101","3276"
"Libya","Sahara Petroleum Service - Libya Branch","ENGINEERING & CONSUL","C761200101","3276"
"Libya","Sahara Petroleum Service - Libya Branch","SURFACE TESTING     ","C762300101","3276"
"Libya","Sahara Petroleum Service - Libya Branch","WL LOG-CASED HOLE   ","C762310201","3276"
"Libya","Sahara Petroleum Service - Libya Branch","SLICKLINE           ","C762320101","3276"
"Libya","Sahara Petroleum Service - Libya Branch","CORING SERVICES     ","C763410501","3276"
"Libya","Sahara Petroleum Service - Libya Branch","TUBULAR RUNNING SERV","C763420101","3276"
"Libya","Sahara Petroleum Service - Libya Branch","DOWN HOLE TOOLS     ","C763430101","3276"
"Libya","Sahara Petroleum Service - Libya Branch","FISHING SERVICES    ","C763450101","3276"
"Libya","Sahara Petroleum Service - Libya Branch","THROUGH TUBING      ","C763500101","3276"
"Libya","Sahara Petroleum Service - Libya Branch","MAINTENAN & WORKSHOP","C767700001","3276"
"Libya","Sahara Petroleum Service - Libya Branch","QHSE                ","C767700002","3276"
"Libya","Sahara Petroleum Service - Libya Branch","TRANSPORTATION      ","C767700003","3276"
"Libya","Sahara Petroleum Service - Libya Branch","FACILITY            ","C767700004","3276"
"Libya","Sahara Petroleum Service - Libya Branch","TECHNICAL MANAGEMENT","C767700005","3276"
"Libya","Sahara Petroleum Service - Libya Branch","LAB CTU & CMT       ","C767700006","3276"
"Libya","Sahara Petroleum Service - Libya Branch","WAREHOUSE           ","C767700007","3276"
"Libya","Sahara Petroleum Service - Libya Branch","LOGISTICS           ","C767700008","3276"
"Libya","Sahara Petroleum Service - Libya Branch","SUPPLY CHAIN        ","C768800001","3276"
"Libya","Sahara Petroleum Service - Libya Branch","FINANCE             ","C768800002","3276"
"Libya","Sahara Petroleum Service - Libya Branch","OFFICE FACILITY     ","C768800003","3276"
"Libya","Sahara Petroleum Service - Libya Branch","ADMIN GOVT & SECURIT","C768800004","3276"
"Libya","Sahara Petroleum Service - Libya Branch","BUSINESS DEVELOPMENT","C768800005","3276"
"Libya","Sahara Petroleum Service - Libya Branch","IT                  ","C768800006","3276"
"Libya","Sahara Petroleum Service - Libya Branch","HUMAN RESOURCES     ","C768800007","3276"
"Libya","Sahara Petroleum Service - Libya Branch","INTERNS             ","C768800008","3276"
"Libya","Sahara Petroleum Service - Libya Branch","MANAGEMENT          ","C768800009","3276"
"Libya","Sahara Petroleum Service - Libya Branch","LEGAL               ","C768800010","3276"
"Libya","Sahara Petroleum Service - Libya Branch","LIBYA HQ OVERHEAD   ","C769960001","3276"
"Libya","Sahara Petroleum Service - Libya Branch","ELIMINATIONS        ","C769999999","3276"
"Libya","National Petroleum Services JSC Libya","CEMENTING           ","C771100101","3277"
"Libya","National Petroleum Services JSC Libya","CEMENT DHT          ","C771100201","3277"
"Libya","National Petroleum Services JSC Libya","COILED TUBING       ","C771110101","3277"
"Libya","National Petroleum Services JSC Libya","NITROGEN            ","C771150101","3277"
"Libya","National Petroleum Services JSC Libya","STIMULATION         ","C771170101","3277"
"Libya","National Petroleum Services JSC Libya","ENGINEERING & CONSUL","C771200101","3277"
"Libya","National Petroleum Services JSC Libya","MAINTENAN & WORKSHOP","C777700001","3277"
"Libya","National Petroleum Services JSC Libya","QHSE                ","C777700002","3277"
"Libya","National Petroleum Services JSC Libya","TRANSPORTATION      ","C777700003","3277"
"Libya","National Petroleum Services JSC Libya","FACILITY            ","C777700004","3277"
"Libya","National Petroleum Services JSC Libya","TECHNICAL MANAGEMENT","C777700005","3277"
"Libya","National Petroleum Services JSC Libya","LAB CTU & CMT       ","C777700006","3277"
"Libya","National Petroleum Services JSC Libya","WAREHOUSE           ","C777700007","3277"
"Libya","National Petroleum Services JSC Libya","LOGISTICS           ","C777700008","3277"
"Libya","National Petroleum Services JSC Libya","SUPPLY CHAIN        ","C778800001","3277"
"Libya","National Petroleum Services JSC Libya","FINANCE             ","C778800002","3277"
"Libya","National Petroleum Services JSC Libya","OFFICE FACILITY     ","C778800003","3277"
"Libya","National Petroleum Services JSC Libya","ADMIN GOVT & SECURIT","C778800004","3277"
"Libya","National Petroleum Services JSC Libya","BUSINESS DEVELOPMENT","C778800005","3277"
"Libya","National Petroleum Services JSC Libya","IT                  ","C778800006","3277"
"Libya","National Petroleum Services JSC Libya","HUMAN RESOURCES     ","C778800007","3277"
"Libya","National Petroleum Services JSC Libya","INTERNS             ","C778800008","3277"
"Libya","National Petroleum Services JSC Libya","MANAGEMENT          ","C778800009","3277"
"Libya","National Petroleum Services JSC Libya","LEGAL               ","C778800010","3277"
"Libya","National Petroleum Services JSC Libya","LIBYA HQ OVERHEAD   ","C779960001","3277"
"Libya","National Petroleum Services JSC Libya","ELIMINATIONS        ","C779999999","3277"
"Algeria","Gulf Energy SAOC Representative Office Algeria","CEMENTING           ","C801100101","3380"
"Algeria","Gulf Energy SAOC Representative Office Algeria","CEMENT DHT          ","C801100201","3380"
"Algeria","Gulf Energy SAOC Representative Office Algeria","COILED TUBING       ","C801110101","3380"
"Algeria","Gulf Energy SAOC Representative Office Algeria","FILTRATION          ","C801120101","3380"
"Algeria","Gulf Energy SAOC Representative Office Algeria","HYDRAULIC FRACTURING","C801130101","3380"
"Algeria","Gulf Energy SAOC Representative Office Algeria","HYDRAULIC FRAC UNCON","C801130301","3380"
"Algeria","Gulf Energy SAOC Representative Office Algeria","GROSS LEAK TEST -GLT","C801140401","3380"
"Algeria","Gulf Energy SAOC Representative Office Algeria","NITROGEN            ","C801150101","3380"
"Algeria","Gulf Energy SAOC Representative Office Algeria","STIMULATION         ","C801170101","3380"
"Algeria","Gulf Energy SAOC Representative Office Algeria","SURFACE TESTING     ","C802300101","3380"
"Algeria","Gulf Energy SAOC Representative Office Algeria","MP FLOW METER       ","C802300201","3380"
"Algeria","Gulf Energy SAOC Representative Office Algeria","WL LOG-CASED HOLE   ","C802310201","3380"
"Algeria","Gulf Energy SAOC Representative Office Algeria","SLICKLINE           ","C802320101","3380"
"Algeria","Gulf Energy SAOC Representative Office Algeria","TUBULAR RUNNING SERV","C803420101","3380"
"Algeria","Gulf Energy SAOC Representative Office Algeria","OVERHEAD TRS        ","C803429901","3380"
"Algeria","Gulf Energy SAOC Representative Office Algeria","DOWN HOLE TOOLS     ","C803430101","3380"
"Algeria","Gulf Energy SAOC Representative Office Algeria","FISHING SERVICES    ","C803450101","3380"
"Algeria","Gulf Energy SAOC Representative Office Algeria","OVERHEAD FISHING    ","C803459901","3380"
"Algeria","Gulf Energy SAOC Representative Office Algeria","MACHINE SHOP        ","C803460101","3380"
"Algeria","Gulf Energy SAOC Representative Office Algeria","RIGS                ","C803490101","3380"
"Algeria","Gulf Energy SAOC Representative Office Algeria","THROUGH TUBING      ","C803500101","3380"
"Algeria","Gulf Energy SAOC Representative Office Algeria","MAINTENAN & WORKSHOP","C807700001","3380"
"Algeria","Gulf Energy SAOC Representative Office Algeria","QHSE                ","C807700002","3380"
"Algeria","Gulf Energy SAOC Representative Office Algeria","TRANSPORTATION      ","C807700003","3380"
"Algeria","Gulf Energy SAOC Representative Office Algeria","FACILITY            ","C807700004","3380"
"Algeria","Gulf Energy SAOC Representative Office Algeria","TECHNICAL MANAGEMENT","C807700005","3380"
"Algeria","Gulf Energy SAOC Representative Office Algeria","LAB CTU & CMT       ","C807700006","3380"
"Algeria","Gulf Energy SAOC Representative Office Algeria","WAREHOUSE           ","C807700007","3380"
"Algeria","Gulf Energy SAOC Representative Office Algeria","LOGISTICS           ","C807700008","3380"
"Algeria","Gulf Energy SAOC Representative Office Algeria","SUPPLY CHAIN        ","C808800001","3380"
"Algeria","Gulf Energy SAOC Representative Office Algeria","FINANCE             ","C808800002","3380"
"Algeria","Gulf Energy SAOC Representative Office Algeria","OFFICE FACILITY     ","C808800003","3380"
"Algeria","Gulf Energy SAOC Representative Office Algeria","ADMIN GOVT & SECURIT","C808800004","3380"
"Algeria","Gulf Energy SAOC Representative Office Algeria","BUSINESS DEVELOPMENT","C808800005","3380"
"Algeria","Gulf Energy SAOC Representative Office Algeria","IT                  ","C808800006","3380"
"Algeria","Gulf Energy SAOC Representative Office Algeria","HUMAN RESOURCES     ","C808800007","3380"
"Algeria","Gulf Energy SAOC Representative Office Algeria","INTERNS             ","C808800008","3380"
"Algeria","Gulf Energy SAOC Representative Office Algeria","MANAGEMENT          ","C808800009","3380"
"Algeria","Gulf Energy SAOC Representative Office Algeria","LEGAL               ","C808800010","3380"
"Algeria","Gulf Energy SAOC Representative Office Algeria","ALGERIA HQ OVERHEAD ","C809960001","3380"
"Algeria","Gulf Energy SAOC Representative Office Algeria","EGYPT HQ OVERHEAD   ","C809960002","3380"
"Algeria","Gulf Energy SAOC Representative Office Algeria","OMAN HQ OVERHEAD    ","C809960003","3380"
"Algeria","Gulf Energy SAOC Representative Office Algeria","ALGERIA HQ OVERHEAD ","C809960004","3380"
"Algeria","Gulf Energy SAOC Representative Office Algeria","UAE HQ OVERHEAD     ","C809960005","3380"
"Algeria","Gulf Energy SAOC Representative Office Algeria","QATAR HQ OVERHEAD   ","C809960006","3380"
"Algeria","Gulf Energy SAOC Representative Office Algeria","IRAQ HQ OVERHEAD    ","C809960007","3380"
"Algeria","Gulf Energy SAOC Representative Office Algeria","INDIA HQ OVERHEAD   ","C809960008","3380"
"Algeria","Gulf Energy SAOC Representative Office Algeria","LIBYA HQ OVERHEAD   ","C809960009","3380"
"Algeria","Gulf Energy SAOC Representative Office Algeria","INDONESIA HQ OVERH. ","C809960010","3380"
"Algeria","Gulf Energy SAOC Representative Office Algeria","KUWAIT HQ OVERHEAD  ","C809960011","3380"
"Algeria","Gulf Energy SAOC Representative Office Algeria","SSA HQ OVERHEAD     ","C809960012","3380"
"Algeria","Gulf Energy SAOC Representative Office Algeria","YEMEN HQ OVERHEAD   ","C809960013","3380"
"Algeria","Gulf Energy SAOC Representative Office Algeria","JORDAN HQ OVERHEAD  ","C809960014","3380"
"Algeria","Gulf Energy SAOC Representative Office Algeria","KSA HQ OVERHEAD     ","C809960015","3380"
"Algeria","Gulf Energy SAOC Representative Office Algeria","ELIMINATIONS        ","C809999999","3380"
"Algeria","NPS Bahrain for Oil and Gas Well Services WLL- Alg","CEMENTING           ","C811100101","3381"
"Algeria","NPS Bahrain for Oil and Gas Well Services WLL- Alg","CEMENT DHT          ","C811100201","3381"
"Algeria","NPS Bahrain for Oil and Gas Well Services WLL- Alg","OVERHEAD CEMENTING  ","C811109901","3381"
"Algeria","NPS Bahrain for Oil and Gas Well Services WLL- Alg","COILED TUBING       ","C811110101","3381"
"Algeria","NPS Bahrain for Oil and Gas Well Services WLL- Alg","COILED TUBING DHT   ","C811110201","3381"
"Algeria","NPS Bahrain for Oil and Gas Well Services WLL- Alg","OVERHEAD CTU        ","C811119901","3381"
"Algeria","NPS Bahrain for Oil and Gas Well Services WLL- Alg","FILTRATION          ","C811120101","3381"
"Algeria","NPS Bahrain for Oil and Gas Well Services WLL- Alg","HYDRAULIC FRACTURING","C811130101","3381"
"Algeria","NPS Bahrain for Oil and Gas Well Services WLL- Alg","HYDRAULIC FRAC UNCON","C811130301","3381"
"Algeria","NPS Bahrain for Oil and Gas Well Services WLL- Alg","PIPELINES           ","C811140101","3381"
"Algeria","NPS Bahrain for Oil and Gas Well Services WLL- Alg","GROSS LEAK TEST -GLT","C811140401","3381"
"Algeria","NPS Bahrain for Oil and Gas Well Services WLL- Alg","OVERHEAD PIS        ","C811149901","3381"
"Algeria","NPS Bahrain for Oil and Gas Well Services WLL- Alg","NITROGEN            ","C811150101","3381"
"Algeria","NPS Bahrain for Oil and Gas Well Services WLL- Alg","STIMULATION         ","C811170101","3381"
"Algeria","NPS Bahrain for Oil and Gas Well Services WLL- Alg","SURFACE TESTING     ","C812300101","3381"
"Algeria","NPS Bahrain for Oil and Gas Well Services WLL- Alg","MP FLOW METER       ","C812300201","3381"
"Algeria","NPS Bahrain for Oil and Gas Well Services WLL- Alg","WELL TEST-LSTK SITES","C812300401","3381"
"Algeria","NPS Bahrain for Oil and Gas Well Services WLL- Alg","OVERHEAD WTS        ","C812309901","3381"
"Algeria","NPS Bahrain for Oil and Gas Well Services WLL- Alg","WL LOG-CASED HOLE   ","C812310201","3381"
"Algeria","NPS Bahrain for Oil and Gas Well Services WLL- Alg","OVERHEAD LOGGING    ","C812319901","3381"
"Algeria","NPS Bahrain for Oil and Gas Well Services WLL- Alg","SLICKLINE           ","C812320101","3381"
"Algeria","NPS Bahrain for Oil and Gas Well Services WLL- Alg","OVERHEAD SLICK LINE ","C812329901","3381"
"Algeria","NPS Bahrain for Oil and Gas Well Services WLL- Alg","TUBULAR RUNNING SERV","C813420101","3381"
"Algeria","NPS Bahrain for Oil and Gas Well Services WLL- Alg","DOWN HOLE TOOLS     ","C813430101","3381"
"Algeria","NPS Bahrain for Oil and Gas Well Services WLL- Alg","FISHING SERVICES    ","C813450101","3381"
"Algeria","NPS Bahrain for Oil and Gas Well Services WLL- Alg","MACHINE SHOP        ","C813460101","3381"
"Algeria","NPS Bahrain for Oil and Gas Well Services WLL- Alg","THROUGH TUBING      ","C813500101","3381"
"Algeria","NPS Bahrain for Oil and Gas Well Services WLL- Alg","OTHER WELL HEADS    ","C813510201","3381"
"Algeria","NPS Bahrain for Oil and Gas Well Services WLL- Alg","MAINTENAN & WORKSHOP","C817700001","3381"
"Algeria","NPS Bahrain for Oil and Gas Well Services WLL- Alg","QHSE                ","C817700002","3381"
"Algeria","NPS Bahrain for Oil and Gas Well Services WLL- Alg","TRANSPORTATION      ","C817700003","3381"
"Algeria","NPS Bahrain for Oil and Gas Well Services WLL- Alg","FACILITY            ","C817700004","3381"
"Algeria","NPS Bahrain for Oil and Gas Well Services WLL- Alg","TECHNICAL MANAGEMENT","C817700005","3381"
"Algeria","NPS Bahrain for Oil and Gas Well Services WLL- Alg","LAB CTU & CMT       ","C817700006","3381"
"Algeria","NPS Bahrain for Oil and Gas Well Services WLL- Alg","WAREHOUSE           ","C817700007","3381"
"Algeria","NPS Bahrain for Oil and Gas Well Services WLL- Alg","LOGISTICS           ","C817700008","3381"
"Algeria","NPS Bahrain for Oil and Gas Well Services WLL- Alg","SUPPLY CHAIN        ","C818800001","3381"
"Algeria","NPS Bahrain for Oil and Gas Well Services WLL- Alg","FINANCE             ","C818800002","3381"
"Algeria","NPS Bahrain for Oil and Gas Well Services WLL- Alg","OFFICE FACILITY     ","C818800003","3381"
"Algeria","NPS Bahrain for Oil and Gas Well Services WLL- Alg","ADMIN GOVT & SECURIT","C818800004","3381"
"Algeria","NPS Bahrain for Oil and Gas Well Services WLL- Alg","BUSINESS DEVELOPMENT","C818800005","3381"
"Algeria","NPS Bahrain for Oil and Gas Well Services WLL- Alg","IT                  ","C818800006","3381"
"Algeria","NPS Bahrain for Oil and Gas Well Services WLL- Alg","HUMAN RESOURCES     ","C818800007","3381"
"Algeria","NPS Bahrain for Oil and Gas Well Services WLL- Alg","INTERNS             ","C818800008","3381"
"Algeria","NPS Bahrain for Oil and Gas Well Services WLL- Alg","MANAGEMENT          ","C818800009","3381"
"Algeria","NPS Bahrain for Oil and Gas Well Services WLL- Alg","LEGAL               ","C818800010","3381"
"Algeria","NPS Bahrain for Oil and Gas Well Services WLL- Alg","ALGERIA HQ OVERHEAD ","C819960001","3381"
"Algeria","NPS Bahrain for Oil and Gas Well Services WLL- Alg","EGYPT HQ OVERHEAD   ","C819960002","3381"
"Algeria","NPS Bahrain for Oil and Gas Well Services WLL- Alg","OMAN HQ OVERHEAD    ","C819960003","3381"
"Algeria","NPS Bahrain for Oil and Gas Well Services WLL- Alg","ALGERIA HQ OVERHEAD ","C819960004","3381"
"Algeria","NPS Bahrain for Oil and Gas Well Services WLL- Alg","UAE HQ OVERHEAD     ","C819960005","3381"
"Algeria","NPS Bahrain for Oil and Gas Well Services WLL- Alg","QATAR HQ OVERHEAD   ","C819960006","3381"
"Algeria","NPS Bahrain for Oil and Gas Well Services WLL- Alg","IRAQ HQ OVERHEAD    ","C819960007","3381"
"Algeria","NPS Bahrain for Oil and Gas Well Services WLL- Alg","INDIA HQ OVERHEAD   ","C819960008","3381"
"Algeria","NPS Bahrain for Oil and Gas Well Services WLL- Alg","LIBYA HQ OVERHEAD   ","C819960009","3381"
"Algeria","NPS Bahrain for Oil and Gas Well Services WLL- Alg","INDONESIA HQ OVERH. ","C819960010","3381"
"Algeria","NPS Bahrain for Oil and Gas Well Services WLL- Alg","KUWAIT HQ OVERHEAD  ","C819960011","3381"
"Algeria","NPS Bahrain for Oil and Gas Well Services WLL- Alg","SSA HQ OVERHEAD     ","C819960012","3381"
"Algeria","NPS Bahrain for Oil and Gas Well Services WLL- Alg","YEMEN HQ OVERHEAD   ","C819960013","3381"
"Algeria","NPS Bahrain for Oil and Gas Well Services WLL- Alg","JORDAN HQ OVERHEAD  ","C819960014","3381"
"Algeria","NPS Bahrain for Oil and Gas Well Services WLL- Alg","KSA HQ OVERHEAD     ","C819960015","3381"
"Algeria","NPS Bahrain for Oil and Gas Well Services WLL- Alg","ELIMINATIONS        ","C819999999","3381"
"Algeria","SARL NESR ALGERIA","CEMENTING           ","C821100101","3382"
"Algeria","SARL NESR ALGERIA","COILED TUBING       ","C821110101","3382"
"Algeria","SARL NESR ALGERIA","HYDRAULIC FRACTURING","C821130101","3382"
"KSA","Energy Oilfield Supplies DMCC","HYDRAULIC FRACTURING","C82113011 ","2112"
"Algeria","SARL NESR ALGERIA","HYDRAULIC FRAC UNCON","C821130301","3382"
"Algeria","SARL NESR ALGERIA","PIPELINES           ","C821140101","3382"
"Algeria","SARL NESR ALGERIA","GROSS LEAK TEST -GLT","C821140401","3382"
"Algeria","SARL NESR ALGERIA","HYDRO TESTING       ","C821140501","3382"
"Algeria","SARL NESR ALGERIA","COMMIS LEAK TEST-CLT","C821140601","3382"
"Algeria","SARL NESR ALGERIA","NITROGEN PURGE      ","C821140701","3382"
"Algeria","SARL NESR ALGERIA","NITROGEN            ","C821150101","3382"
"Algeria","SARL NESR ALGERIA","STIMULATION         ","C821170101","3382"
"Algeria","SARL NESR ALGERIA","ARTIFICIAL LIFT SERV","C821180101","3382"
"Algeria","SARL NESR ALGERIA","COMPLETIONS         ","C821190101","3382"
"Algeria","SARL NESR ALGERIA","SURFACE TESTING     ","C822300101","3382"
"Algeria","SARL NESR ALGERIA","WL LOG-CASED HOLE   ","C822310201","3382"
"Algeria","SARL NESR ALGERIA","SLICKLINE           ","C822320101","3382"
"Algeria","SARL NESR ALGERIA","TUBULAR RUNNING SERV","C823420101","3382"
"Algeria","SARL NESR ALGERIA","FISHING SERVICES    ","C823450101","3382"
"Algeria","SARL NESR ALGERIA","MAINTENAN & WORKSHOP","C827700001","3382"
"Algeria","SARL NESR ALGERIA","QHSE                ","C827700002","3382"
"Algeria","SARL NESR ALGERIA","TRANSPORTATION      ","C827700003","3382"
"Algeria","SARL NESR ALGERIA","FACILITY            ","C827700004","3382"
"Algeria","SARL NESR ALGERIA","TECHNICAL MANAGEMENT","C827700005","3382"
"Algeria","SARL NESR ALGERIA","LAB CTU & CMT       ","C827700006","3382"
"Algeria","SARL NESR ALGERIA","WAREHOUSE           ","C827700007","3382"
"Algeria","SARL NESR ALGERIA","LOGISTICS           ","C827700008","3382"
"Algeria","SARL NESR ALGERIA","SUPPLY CHAIN        ","C828800001","3382"
"Algeria","SARL NESR ALGERIA","FINANCE             ","C828800002","3382"
"Algeria","SARL NESR ALGERIA","OFFICE FACILITY     ","C828800003","3382"
"Algeria","SARL NESR ALGERIA","ADMIN GOVT & SECURIT","C828800004","3382"
"Algeria","SARL NESR ALGERIA","BUSINESS DEVELOPMENT","C828800005","3382"
"Algeria","SARL NESR ALGERIA","IT                  ","C828800006","3382"
"Algeria","SARL NESR ALGERIA","HUMAN RESOURCES     ","C828800007","3382"
"Algeria","SARL NESR ALGERIA","INTERNS             ","C828800008","3382"
"Algeria","SARL NESR ALGERIA","MANAGEMENT          ","C828800009","3382"
"Algeria","SARL NESR ALGERIA","LEGAL               ","C828800010","3382"
"Algeria","SARL NESR ALGERIA","ALGERIA HQ OVERHEAD ","C829960001","3382"
"Algeria","SARL NESR ALGERIA","ELIMINATIONS        ","C829999999","3382"
"Chad","NPS Energy Holding WLL, SUCCURSAL","CEMENTING           ","C851100101","3485"
"Chad","NPS Energy Holding WLL, SUCCURSAL","COILED TUBING       ","C851110101","3485"
"Chad","NPS Energy Holding WLL, SUCCURSAL","NITROGEN            ","C851150101","3485"
"Chad","NPS Energy Holding WLL, SUCCURSAL","STIMULATION         ","C851170101","3485"
"Chad","NPS Energy Holding WLL, SUCCURSAL","ARTIFICIAL LIFT SERV","C851180101","3485"
"Chad","NPS Energy Holding WLL, SUCCURSAL","COMPLETIONS         ","C851190101","3485"
"Chad","NPS Energy Holding WLL, SUCCURSAL","WL LOG - OPEN HOLE  ","C852310101","3485"
"Chad","NPS Energy Holding WLL, SUCCURSAL","WL LOG-CASED HOLE   ","C852310201","3485"
"Chad","NPS Energy Holding WLL, SUCCURSAL","WL LOG - TCP        ","C852310401","3485"
"Chad","NPS Energy Holding WLL, SUCCURSAL","WL LOG - RS         ","C852310501","3485"
"Chad","NPS Energy Holding WLL, SUCCURSAL","SLICKLINE           ","C852320101","3485"
"Chad","NPS Energy Holding WLL, SUCCURSAL","CORING SERVICES     ","C853410501","3485"
"Chad","NPS Energy Holding WLL, SUCCURSAL","DRILLING FLUIDS     ","C853440101","3485"
"Chad","NPS Energy Holding WLL, SUCCURSAL","FISHING SERVICES    ","C853450101","3485"
"Chad","NPS Energy Holding WLL, SUCCURSAL","RIGS                ","C853490101","3485"
"Chad","NPS Energy Holding WLL, SUCCURSAL","MAINTENAN & WORKSHOP","C857700001","3485"
"Chad","NPS Energy Holding WLL, SUCCURSAL","QHSE                ","C857700002","3485"
"Chad","NPS Energy Holding WLL, SUCCURSAL","TRANSPORTATION      ","C857700003","3485"
"Chad","NPS Energy Holding WLL, SUCCURSAL","FACILITY            ","C857700004","3485"
"Chad","NPS Energy Holding WLL, SUCCURSAL","TECHNICAL MANAGEMENT","C857700005","3485"
"Chad","NPS Energy Holding WLL, SUCCURSAL","LAB CTU & CMT       ","C857700006","3485"
"Chad","NPS Energy Holding WLL, SUCCURSAL","WAREHOUSE           ","C857700007","3485"
"Chad","NPS Energy Holding WLL, SUCCURSAL","LOGISTICS           ","C857700008","3485"
"Chad","NPS Energy Holding WLL, SUCCURSAL","SUPPLY CHAIN        ","C858800001","3485"
"Chad","NPS Energy Holding WLL, SUCCURSAL","FINANCE             ","C858800002","3485"
"Chad","NPS Energy Holding WLL, SUCCURSAL","OFFICE FACILITY     ","C858800003","3485"
"Chad","NPS Energy Holding WLL, SUCCURSAL","ADMIN GOVT & SECURIT","C858800004","3485"
"Chad","NPS Energy Holding WLL, SUCCURSAL","BUSINESS DEVELOPMENT","C858800005","3485"
"Chad","NPS Energy Holding WLL, SUCCURSAL","IT                  ","C858800006","3485"
"Chad","NPS Energy Holding WLL, SUCCURSAL","HUMAN RESOURCES     ","C858800007","3485"
"Chad","NPS Energy Holding WLL, SUCCURSAL","INTERNS             ","C858800008","3485"
"Chad","NPS Energy Holding WLL, SUCCURSAL","MANAGEMENT          ","C858800009","3485"
"Chad","NPS Energy Holding WLL, SUCCURSAL","LEGAL               ","C858800010","3485"
"Chad","NPS Energy Holding WLL, SUCCURSAL","SSA HQ OVERHEAD     ","C859960001","3485"
"Chad","NPS Energy Holding WLL, SUCCURSAL","ELIMINATIONS        ","C859999999","3485"
"Bahrain","NPS Bahrain-Congo        ","RIGS                ","C873490101","3587"
"Bahrain","NPS Bahrain-Congo        ","MAINTENAN & WORKSHOP","C877700001","3587"
"Bahrain","NPS Bahrain-Congo        ","QHSE                ","C877700002","3587"
"Bahrain","NPS Bahrain-Congo        ","TRANSPORTATION      ","C877700003","3587"
"Bahrain","NPS Bahrain-Congo        ","FACILITY            ","C877700004","3587"
"Bahrain","NPS Bahrain-Congo        ","TECHNICAL MANAGEMENT","C877700005","3587"
"Bahrain","NPS Bahrain-Congo        ","LAB CTU & CMT       ","C877700006","3587"
"Bahrain","NPS Bahrain-Congo        ","WAREHOUSE           ","C877700007","3587"
"Bahrain","NPS Bahrain-Congo        ","LOGISTICS           ","C877700008","3587"
"Bahrain","NPS Bahrain-Congo        ","SUPPLY CHAIN        ","C878800001","3587"
"Bahrain","NPS Bahrain-Congo        ","FINANCE             ","C878800002","3587"
"Bahrain","NPS Bahrain-Congo        ","OFFICE FACILITY     ","C878800003","3587"
"Bahrain","NPS Bahrain-Congo        ","ADMIN GOVT & SECURIT","C878800004","3587"
"Bahrain","NPS Bahrain-Congo        ","BUSINESS DEVELOPMENT","C878800005","3587"
"Bahrain","NPS Bahrain-Congo        ","IT                  ","C878800006","3587"
"Bahrain","NPS Bahrain-Congo        ","HUMAN RESOURCES     ","C878800007","3587"
"Bahrain","NPS Bahrain-Congo        ","INTERNS             ","C878800008","3587"
"Bahrain","NPS Bahrain-Congo        ","MANAGEMENT          ","C878800009","3587"
"Bahrain","NPS Bahrain-Congo        ","LEGAL               ","C878800010","3587"
"Bahrain","NPS Bahrain-Congo        ","SSA HQ OVERHEAD     ","C879960001","3587"
"Bahrain","NPS Bahrain-Congo        ","ELIMINATIONS        ","C879999999","3587"
"India","National Oil Well Maintenance Company India","CEMENTING           ","C901100101","4190"
"India","National Oil Well Maintenance Company India","COILED TUBING       ","C901110101","4190"
"India","National Oil Well Maintenance Company India","PIPELINES           ","C901140101","4190"
"India","National Oil Well Maintenance Company India","NITROGEN            ","C901150101","4190"
"India","National Oil Well Maintenance Company India","STIMULATION         ","C901170101","4190"
"India","National Oil Well Maintenance Company India","WL LOG - TCP        ","C902310401","4190"
"India","National Oil Well Maintenance Company India","MAINTENAN & WORKSHOP","C907700001","4190"
"India","National Oil Well Maintenance Company India","QHSE                ","C907700002","4190"
"India","National Oil Well Maintenance Company India","TRANSPORTATION      ","C907700003","4190"
"India","National Oil Well Maintenance Company India","FACILITY            ","C907700004","4190"
"India","National Oil Well Maintenance Company India","TECHNICAL MANAGEMENT","C907700005","4190"
"India","National Oil Well Maintenance Company India","LAB CTU & CMT       ","C907700006","4190"
"India","National Oil Well Maintenance Company India","WAREHOUSE           ","C907700007","4190"
"India","National Oil Well Maintenance Company India","LOGISTICS           ","C907700008","4190"
"India","National Oil Well Maintenance Company India","SUPPLY CHAIN        ","C908800001","4190"
"India","National Oil Well Maintenance Company India","FINANCE             ","C908800002","4190"
"India","National Oil Well Maintenance Company India","OFFICE FACILITY     ","C908800003","4190"
"India","National Oil Well Maintenance Company India","ADMIN GOVT & SECURIT","C908800004","4190"
"India","National Oil Well Maintenance Company India","BUSINESS DEVELOPMENT","C908800005","4190"
"India","National Oil Well Maintenance Company India","IT                  ","C908800006","4190"
"India","National Oil Well Maintenance Company India","HUMAN RESOURCES     ","C908800007","4190"
"India","National Oil Well Maintenance Company India","INTERNS             ","C908800008","4190"
"India","National Oil Well Maintenance Company India","MANAGEMENT          ","C908800009","4190"
"India","National Oil Well Maintenance Company India","LEGAL               ","C908800010","4190"
"India","National Oil Well Maintenance Company India","HUB - SUPPLY CHAIN  ","C908890001","4190"
"India","National Oil Well Maintenance Company India","INDIA HQ OVERHEAD   ","C909960001","4190"
"India","National Oil Well Maintenance Company India","ELIMINATIONS        ","C909999999","4190"
"India","NPS Energy India Private Limited","CEMENTING           ","C911100101","4191"
"India","NPS Energy India Private Limited","COILED TUBING       ","C911110101","4191"
"India","NPS Energy India Private Limited","NITROGEN            ","C911150101","4191"
"India","NPS Energy India Private Limited","STIMULATION         ","C911170101","4191"
"India","NPS Energy India Private Limited","SURFACE TESTING     ","C912300101","4191"
"India","NPS Energy India Private Limited","SLICKLINE           ","C912320101","4191"
"India","NPS Energy India Private Limited","MAINTENAN & WORKSHOP","C917700001","4191"
"India","NPS Energy India Private Limited","QHSE                ","C917700002","4191"
"India","NPS Energy India Private Limited","TRANSPORTATION      ","C917700003","4191"
"India","NPS Energy India Private Limited","FACILITY            ","C917700004","4191"
"India","NPS Energy India Private Limited","TECHNICAL MANAGEMENT","C917700005","4191"
"India","NPS Energy India Private Limited","LAB CTU & CMT       ","C917700006","4191"
"India","NPS Energy India Private Limited","WAREHOUSE           ","C917700007","4191"
"India","NPS Energy India Private Limited","LOGISTICS           ","C917700008","4191"
"India","NPS Energy India Private Limited","SUPPLY CHAIN        ","C918800001","4191"
"India","NPS Energy India Private Limited","FINANCE             ","C918800002","4191"
"India","NPS Energy India Private Limited","OFFICE FACILITY     ","C918800003","4191"
"India","NPS Energy India Private Limited","ADMIN GOVT & SECURIT","C918800004","4191"
"India","NPS Energy India Private Limited","BUSINESS DEVELOPMENT","C918800005","4191"
"India","NPS Energy India Private Limited","IT                  ","C918800006","4191"
"India","NPS Energy India Private Limited","HUMAN RESOURCES     ","C918800007","4191"
"India","NPS Energy India Private Limited","INTERNS             ","C918800008","4191"
"India","NPS Energy India Private Limited","MANAGEMENT          ","C918800009","4191"
"India","NPS Energy India Private Limited","LEGAL               ","C918800010","4191"
"India","NPS Energy India Private Limited","OVERHEAD IT         ","C918809906","4191"
"India","NPS Energy India Private Limited","OVERHEAD HUMAN RESOU","C918809907","4191"
"India","NPS Energy India Private Limited","INDIA HQ OVERHEAD   ","C919960001","4191"
"India","NPS Energy India Private Limited","EGYPT HQ OVERHEAD   ","C919960002","4191"
"India","NPS Energy India Private Limited","OMAN HQ OVERHEAD    ","C919960003","4191"
"India","NPS Energy India Private Limited","ALGERIA HQ OVERHEAD ","C919960004","4191"
"India","NPS Energy India Private Limited","UAE HQ OVERHEAD     ","C919960005","4191"
"India","NPS Energy India Private Limited","QATAR HQ OVERHEAD   ","C919960006","4191"
"India","NPS Energy India Private Limited","IRAQ HQ OVERHEAD    ","C919960007","4191"
"India","NPS Energy India Private Limited","INDIA HQ OVERHEAD   ","C919960008","4191"
"India","NPS Energy India Private Limited","LIBYA HQ OVERHEAD   ","C919960009","4191"
"India","NPS Energy India Private Limited","INDONESIA HQ OVERH. ","C919960010","4191"
"India","NPS Energy India Private Limited","KUWAIT HQ OVERHEAD  ","C919960011","4191"
"India","NPS Energy India Private Limited","SSA HQ OVERHEAD     ","C919960012","4191"
"India","NPS Energy India Private Limited","YEMEN HQ OVERHEAD   ","C919960013","4191"
"India","NPS Energy India Private Limited","JORDAN HQ OVERHEAD  ","C919960014","4191"
"India","NPS Energy India Private Limited","KSA HQ OVERHEAD     ","C919960015","4191"
"India","NPS Energy India Private Limited","ELIMINATIONS        ","C919999999","4191"
"India","NPS Bahrain for Oil and Gas Well Services WLL","COILED TUBING       ","C921110101","4192"
"India","NPS Bahrain for Oil and Gas Well Services WLL","COILED TUBING DHT   ","C921110201","4192"
"India","NPS Bahrain for Oil and Gas Well Services WLL","HYDRAULIC FRACTURING","C921130101","4192"
"India","NPS Bahrain for Oil and Gas Well Services WLL","NITROGEN            ","C921150101","4192"
"India","NPS Bahrain for Oil and Gas Well Services WLL","PROD & SPECIAL CHEM ","C921160101","4192"
"India","NPS Bahrain for Oil and Gas Well Services WLL","STIMULATION         ","C921170101","4192"
"India","NPS Bahrain for Oil and Gas Well Services WLL","COMPLETIONS         ","C921190101","4192"
"India","NPS Bahrain for Oil and Gas Well Services WLL","IPM - GENERAL       ","C921210101","4192"
"India","NPS Bahrain for Oil and Gas Well Services WLL","IPM - COILED TUBING ","C921210111","4192"
"India","NPS Bahrain for Oil and Gas Well Services WLL","IPM-HYDRAUL FRACTUR.","C921210113","4192"
"India","NPS Bahrain for Oil and Gas Well Services WLL","IPM-STIMULATION&PUMP","C921210117","4192"
"India","NPS Bahrain for Oil and Gas Well Services WLL","IPM - COMPLETIONS   ","C921210119","4192"
"India","NPS Bahrain for Oil and Gas Well Services WLL","IPM - WELL TESTING  ","C921210130","4192"
"India","NPS Bahrain for Oil and Gas Well Services WLL","IPM-WIRELINE LOGGING","C921210131","4192"
"India","NPS Bahrain for Oil and Gas Well Services WLL","IPM-SLICKLINE       ","C921210132","4192"
"India","NPS Bahrain for Oil and Gas Well Services WLL","IPM-DOWN HOLE TOOLS ","C921210143","4192"
"India","NPS Bahrain for Oil and Gas Well Services WLL","IPM-DRILLING FLUIDS ","C921210144","4192"
"India","NPS Bahrain for Oil and Gas Well Services WLL","IPM - FISHING       ","C921210145","4192"
"India","NPS Bahrain for Oil and Gas Well Services WLL","IPM - THROUGH TUBING","C921210150","4192"
"India","NPS Bahrain for Oil and Gas Well Services WLL","IPM - WELL HEADS    ","C921210151","4192"
"India","NPS Bahrain for Oil and Gas Well Services WLL","SURFACE TESTING     ","C922300101","4192"
"India","NPS Bahrain for Oil and Gas Well Services WLL","WL LOG-CASED HOLE   ","C922310201","4192"
"India","NPS Bahrain for Oil and Gas Well Services WLL","WL LOG - TCP        ","C922310401","4192"
"India","NPS Bahrain for Oil and Gas Well Services WLL","SLICKLINE           ","C922320101","4192"
"India","NPS Bahrain for Oil and Gas Well Services WLL","THROUGH TUBING      ","C923500101","4192"
"India","NPS Bahrain for Oil and Gas Well Services WLL","OTHER WELL HEADS    ","C923510201","4192"
"India","NPS Bahrain for Oil and Gas Well Services WLL","MAINTENAN & WORKSHOP","C927700001","4192"
"India","NPS Bahrain for Oil and Gas Well Services WLL","QHSE                ","C927700002","4192"
"India","NPS Bahrain for Oil and Gas Well Services WLL","TRANSPORTATION      ","C927700003","4192"
"India","NPS Bahrain for Oil and Gas Well Services WLL","FACILITY            ","C927700004","4192"
"India","NPS Bahrain for Oil and Gas Well Services WLL","TECHNICAL MANAGEMENT","C927700005","4192"
"India","NPS Bahrain for Oil and Gas Well Services WLL","LAB CTU & CMT       ","C927700006","4192"
"India","NPS Bahrain for Oil and Gas Well Services WLL","WAREHOUSE           ","C927700007","4192"
"India","NPS Bahrain for Oil and Gas Well Services WLL","LOGISTICS           ","C927700008","4192"
"India","NPS Bahrain for Oil and Gas Well Services WLL","SUPPLY CHAIN        ","C928800001","4192"
"India","NPS Bahrain for Oil and Gas Well Services WLL","FINANCE             ","C928800002","4192"
"India","NPS Bahrain for Oil and Gas Well Services WLL","OFFICE FACILITY     ","C928800003","4192"
"India","NPS Bahrain for Oil and Gas Well Services WLL","ADMIN GOVT & SECURIT","C928800004","4192"
"India","NPS Bahrain for Oil and Gas Well Services WLL","BUSINESS DEVELOPMENT","C928800005","4192"
"India","NPS Bahrain for Oil and Gas Well Services WLL","IT                  ","C928800006","4192"
"India","NPS Bahrain for Oil and Gas Well Services WLL","HUMAN RESOURCES     ","C928800007","4192"
"India","NPS Bahrain for Oil and Gas Well Services WLL","MANAGEMENT          ","C928800009","4192"
"India","NPS Bahrain for Oil and Gas Well Services WLL","LEGAL               ","C928800010","4192"
"India","NPS Bahrain for Oil and Gas Well Services WLL","INDIA HQ OVERHEAD   ","C929960001","4192"
"India","NPS Bahrain for Oil and Gas Well Services WLL","ELIMINATIONS        ","C929999999","4192"
"Indonesia","PT DFI ASIA ENERGI","CEMENTING           ","C931100101","4293"
"Indonesia","PT DFI ASIA ENERGI","CEMENT DHT          ","C931100201","4293"
"Indonesia","PT DFI ASIA ENERGI","COILED TUBING       ","C931110101","4293"
"Indonesia","PT DFI ASIA ENERGI","COILED TUBING DHT   ","C931110201","4293"
"Indonesia","PT DFI ASIA ENERGI","COILED TUBING UNCONV","C931110301","4293"
"Indonesia","PT DFI ASIA ENERGI","FILTRATION          ","C931120101","4293"
"Indonesia","PT DFI ASIA ENERGI","FILTRATION UNCONV   ","C931120301","4293"
"Indonesia","PT DFI ASIA ENERGI","HYDRAULIC FRACTURING","C931130101","4293"
"Indonesia","PT DFI ASIA ENERGI","HYDRAULIC FRAC UNCON","C931130301","4293"
"Indonesia","PT DFI ASIA ENERGI","STIMULATION         ","C931170101","4293"
"Indonesia","PT DFI ASIA ENERGI","WL LOG - OPEN HOLE  ","C932310101","4293"
"Indonesia","PT DFI ASIA ENERGI","WL LOG-CASED HOLE   ","C932310201","4293"
"Indonesia","PT DFI ASIA ENERGI","WL LOG - TCP        ","C932310401","4293"
"Indonesia","PT DFI ASIA ENERGI","WL LOG - RS         ","C932310501","4293"
"Indonesia","PT DFI ASIA ENERGI","SLICKLINE           ","C932320101","4293"
"Indonesia","PT DFI ASIA ENERGI","EMISSIONS CONTROL   ","C934610101","4293"
"Indonesia","PT DFI ASIA ENERGI","MAINTENAN & WORKSHOP","C937700001","4293"
"Indonesia","PT DFI ASIA ENERGI","QHSE                ","C937700002","4293"
"Indonesia","PT DFI ASIA ENERGI","TRANSPORTATION      ","C937700003","4293"
"Indonesia","PT DFI ASIA ENERGI","FACILITY            ","C937700004","4293"
"Indonesia","PT DFI ASIA ENERGI","TECHNICAL MANAGEMENT","C937700005","4293"
"Indonesia","PT DFI ASIA ENERGI","LAB CTU & CMT       ","C937700006","4293"
"Indonesia","PT DFI ASIA ENERGI","WAREHOUSE           ","C937700007","4293"
"Indonesia","PT DFI ASIA ENERGI","LOGISTICS           ","C937700008","4293"
"Indonesia","PT DFI ASIA ENERGI","SUPPLY CHAIN        ","C938800001","4293"
"Indonesia","PT DFI ASIA ENERGI","FINANCE             ","C938800002","4293"
"Indonesia","PT DFI ASIA ENERGI","OFFICE FACILITY     ","C938800003","4293"
"Indonesia","PT DFI ASIA ENERGI","ADMIN GOVT & SECURIT","C938800004","4293"
"Indonesia","PT DFI ASIA ENERGI","BUSINESS DEVELOPMENT","C938800005","4293"
"Indonesia","PT DFI ASIA ENERGI","IT                  ","C938800006","4293"
"Indonesia","PT DFI ASIA ENERGI","HUMAN RESOURCES     ","C938800007","4293"
"Indonesia","PT DFI ASIA ENERGI","INTERNS             ","C938800008","4293"
"Indonesia","PT DFI ASIA ENERGI","MANAGEMENT          ","C938800009","4293"
"Indonesia","PT DFI ASIA ENERGI","LEGAL               ","C938800010","4293"
"Indonesia","PT DFI ASIA ENERGI","COUNTRY LEVEL ADJ.  ","C939000001","4293"
"Indonesia","PT DFI ASIA ENERGI","INDONESIA HQ OVERH. ","C939960001","4293"
"Indonesia","PT DFI ASIA ENERGI","ELIMINATIONS        ","C939999999","4293"
"Indonesia","PT NPS Energy Indonesia","CEMENTING           ","C941100101","4294"
"Indonesia","PT NPS Energy Indonesia","CEMENT DHT          ","C941100201","4294"
"Indonesia","PT NPS Energy Indonesia","COILED TUBING       ","C941110101","4294"
"Indonesia","PT NPS Energy Indonesia","COILED TUBING DHT   ","C941110201","4294"
"Indonesia","PT NPS Energy Indonesia","COILED TUBING UNCONV","C941110301","4294"
"Indonesia","PT NPS Energy Indonesia","FILTRATION          ","C941120101","4294"
"Indonesia","PT NPS Energy Indonesia","FILTRATION UNCONV   ","C941120301","4294"
"Indonesia","PT NPS Energy Indonesia","HYDRAULIC FRACTURING","C941130101","4294"
"Indonesia","PT NPS Energy Indonesia","HYDRAULIC FRAC UNCON","C941130301","4294"
"Indonesia","PT NPS Energy Indonesia","STIMULATION         ","C941170101","4294"
"Indonesia","PT NPS Energy Indonesia","WL LOG - OPEN HOLE  ","C942310101","4294"
"Indonesia","PT NPS Energy Indonesia","WL LOG-CASED HOLE   ","C942310201","4294"
"Indonesia","PT NPS Energy Indonesia","WL LOG - TCP        ","C942310401","4294"
"Indonesia","PT NPS Energy Indonesia","WL LOG - RS         ","C942310501","4294"
"Indonesia","PT NPS Energy Indonesia","SLICKLINE           ","C942320101","4294"
"Indonesia","PT NPS Energy Indonesia","DIRECTIONAL DRILLING","C943410101","4294"
"Indonesia","PT NPS Energy Indonesia","LOGG. WHILE DRILLING","C943410301","4294"
"Indonesia","PT NPS Energy Indonesia","WATER & PROD ASSURAN","C944600101","4294"
"Indonesia","PT NPS Energy Indonesia","EMISSIONS CONTROL   ","C944610101","4294"
"Indonesia","PT NPS Energy Indonesia","MAINTENAN & WORKSHOP","C947700001","4294"
"Indonesia","PT NPS Energy Indonesia","QHSE                ","C947700002","4294"
"Indonesia","PT NPS Energy Indonesia","TRANSPORTATION      ","C947700003","4294"
"Indonesia","PT NPS Energy Indonesia","FACILITY            ","C947700004","4294"
"Indonesia","PT NPS Energy Indonesia","TECHNICAL MANAGEMENT","C947700005","4294"
"Indonesia","PT NPS Energy Indonesia","LAB CTU & CMT       ","C947700006","4294"
"Indonesia","PT NPS Energy Indonesia","WAREHOUSE           ","C947700007","4294"
"Indonesia","PT NPS Energy Indonesia","LOGISTICS           ","C947700008","4294"
"Indonesia","PT NPS Energy Indonesia","SUPPLY CHAIN        ","C948800001","4294"
"Indonesia","PT NPS Energy Indonesia","FINANCE             ","C948800002","4294"
"Indonesia","PT NPS Energy Indonesia","OFFICE FACILITY     ","C948800003","4294"
"Indonesia","PT NPS Energy Indonesia","ADMIN GOVT & SECURIT","C948800004","4294"
"Indonesia","PT NPS Energy Indonesia","BUSINESS DEVELOPMENT","C948800005","4294"
"Indonesia","PT NPS Energy Indonesia","IT                  ","C948800006","4294"
"Indonesia","PT NPS Energy Indonesia","HUMAN RESOURCES     ","C948800007","4294"
"Indonesia","PT NPS Energy Indonesia","INTERNS             ","C948800008","4294"
"Indonesia","PT NPS Energy Indonesia","MANAGEMENT          ","C948800009","4294"
"Indonesia","PT NPS Energy Indonesia","LEGAL               ","C948800010","4294"
"Indonesia","PT NPS Energy Indonesia","COUNTRY LEVEL ADJ.  ","C949000001","4294"
"Indonesia","PT NPS Energy Indonesia","INDONESIA HQ OVERH. ","C949960001","4294"
"Indonesia","PT NPS Energy Indonesia","ELIMINATIONS        ","C949999999","4294"
"Indonesia","PT Tiger Energy Services ROI","CEMENTING           ","C951100101","4295"
"Indonesia","PT Tiger Energy Services ROI","CEMENT DHT          ","C951100201","4295"
"Indonesia","PT Tiger Energy Services ROI","COILED TUBING       ","C951110101","4295"
"Indonesia","PT Tiger Energy Services ROI","COILED TUBING DHT   ","C951110201","4295"
"Indonesia","PT Tiger Energy Services ROI","COILED TUBING UNCONV","C951110301","4295"
"Indonesia","PT Tiger Energy Services ROI","FILTRATION          ","C951120101","4295"
"Indonesia","PT Tiger Energy Services ROI","FILTRATION UNCONV   ","C951120301","4295"
"Indonesia","PT Tiger Energy Services ROI","HYDRAULIC FRACTURING","C951130101","4295"
"Indonesia","PT Tiger Energy Services ROI","HYDRAULIC FRAC UNCON","C951130301","4295"
"Indonesia","PT Tiger Energy Services ROI","STIMULATION         ","C951170101","4295"
"Indonesia","PT Tiger Energy Services ROI","WL LOG - OPEN HOLE  ","C952310101","4295"
"Indonesia","PT Tiger Energy Services ROI","WL LOG-CASED HOLE   ","C952310201","4295"
"Indonesia","PT Tiger Energy Services ROI","WL LOG - TCP        ","C952310401","4295"
"Indonesia","PT Tiger Energy Services ROI","WL LOG - RS         ","C952310501","4295"
"Indonesia","PT Tiger Energy Services ROI","SLICKLINE           ","C952320101","4295"
"Indonesia","PT Tiger Energy Services ROI","EMISSIONS CONTROL   ","C954610101","4295"
"Indonesia","PT Tiger Energy Services ROI","MAINTENAN & WORKSHOP","C957700001","4295"
"Indonesia","PT Tiger Energy Services ROI","QHSE                ","C957700002","4295"
"Indonesia","PT Tiger Energy Services ROI","TRANSPORTATION      ","C957700003","4295"
"Indonesia","PT Tiger Energy Services ROI","FACILITY            ","C957700004","4295"
"Indonesia","PT Tiger Energy Services ROI","TECHNICAL MANAGEMENT","C957700005","4295"
"Indonesia","PT Tiger Energy Services ROI","LAB CTU & CMT       ","C957700006","4295"
"Indonesia","PT Tiger Energy Services ROI","WAREHOUSE           ","C957700007","4295"
"Indonesia","PT Tiger Energy Services ROI","LOGISTICS           ","C957700008","4295"
"Indonesia","PT Tiger Energy Services ROI","SUPPLY CHAIN        ","C958800001","4295"
"Indonesia","PT Tiger Energy Services ROI","FINANCE             ","C958800002","4295"
"Indonesia","PT Tiger Energy Services ROI","OFFICE FACILITY     ","C958800003","4295"
"Indonesia","PT Tiger Energy Services ROI","ADMIN GOVT & SECURIT","C958800004","4295"
"Indonesia","PT Tiger Energy Services ROI","BUSINESS DEVELOPMENT","C958800005","4295"
"Indonesia","PT Tiger Energy Services ROI","IT                  ","C958800006","4295"
"Indonesia","PT Tiger Energy Services ROI","HUMAN RESOURCES     ","C958800007","4295"
"Indonesia","PT Tiger Energy Services ROI","INTERNS             ","C958800008","4295"
"Indonesia","PT Tiger Energy Services ROI","MANAGEMENT          ","C958800009","4295"
"Indonesia","PT Tiger Energy Services ROI","LEGAL               ","C958800010","4295"
"Indonesia","PT Tiger Energy Services ROI","COUNTRY LEVEL ADJ.  ","C959000001","4295"
"Indonesia","PT Tiger Energy Services ROI","INDONESIA HQ OVERH. ","C959960001","4295"
"Indonesia","PT Tiger Energy Services ROI","ELIMINATIONS        ","C959999999","4295"
"ughuh","dsdf","jhjh","7522","2541"
"852","4598","kuhjkj","541","54857"
